close,datetime,exchange_code,expiry_date,high,low,open,open_interest,product_type,right,stock_code,strike_price,volume
132.55,2022-07-04 10:30:00,NFO,29-SEP-2022,132.55,130.15,130.15,0,Options,Call,NIFTY,17200.0,100
135.0,2022-07-04 13:30:00,NFO,29-SEP-2022,135.0,135.0,135.0,100,Options,Call,NIFTY,17200.0,50
133.15,2022-07-04 14:00:00,NFO,29-SEP-2022,133.15,133.15,133.15,150,Options,Call,NIFTY,17200.0,50
150.7,2022-07-05 09:30:00,NFO,29-SEP-2022,150.7,150.7,150.7,200,Options,Call,NIFTY,17200.0,50
154.8,2022-07-05 10:00:00,NFO,29-SEP-2022,154.8,154.0,154.0,450,Options,Call,NIFTY,17200.0,350
156.2,2022-07-05 11:00:00,NFO,29-SEP-2022,158.25,156.2,158.25,650,Options,Call,NIFTY,17200.0,500
160.0,2022-07-05 11:30:00,NFO,29-SEP-2022,160.0,160.0,160.0,850,Options,Call,NIFTY,17200.0,50
160.5,2022-07-05 12:00:00,NFO,29-SEP-2022,161.1,160.45,160.45,950,Options,Call,NIFTY,17200.0,250
160.0,2022-07-05 12:30:00,NFO,29-SEP-2022,160.0,160.0,160.0,1200,Options,Call,NIFTY,17200.0,250
138.15,2022-07-05 13:30:00,NFO,29-SEP-2022,145.35,136.5,145.35,1950,Options,Call,NIFTY,17200.0,1750
139.0,2022-07-05 14:00:00,NFO,29-SEP-2022,139.0,139.0,139.0,2400,Options,Call,NIFTY,17200.0,50
135.0,2022-07-05 14:30:00,NFO,29-SEP-2022,140.0,135.0,139.0,2500,Options,Call,NIFTY,17200.0,550
124.0,2022-07-05 15:00:00,NFO,29-SEP-2022,135.0,124.0,135.0,2500,Options,Call,NIFTY,17200.0,250
134.0,2022-07-06 09:30:00,NFO,29-SEP-2022,134.4,126.0,126.0,2600,Options,Call,NIFTY,17200.0,150
135.0,2022-07-06 10:00:00,NFO,29-SEP-2022,135.05,135.0,135.05,2700,Options,Call,NIFTY,17200.0,250
137.65,2022-07-06 11:00:00,NFO,29-SEP-2022,137.65,137.65,137.65,2800,Options,Call,NIFTY,17200.0,50
134.0,2022-07-06 11:30:00,NFO,29-SEP-2022,134.0,134.0,134.0,2800,Options,Call,NIFTY,17200.0,200
139.25,2022-07-06 12:00:00,NFO,29-SEP-2022,139.25,134.0,134.0,2950,Options,Call,NIFTY,17200.0,200
148.0,2022-07-06 12:30:00,NFO,29-SEP-2022,148.0,140.0,140.0,3050,Options,Call,NIFTY,17200.0,350
155.0,2022-07-06 13:00:00,NFO,29-SEP-2022,155.0,155.0,155.0,2800,Options,Call,NIFTY,17200.0,100
155.35,2022-07-06 13:30:00,NFO,29-SEP-2022,155.35,155.35,155.35,2800,Options,Call,NIFTY,17200.0,50
158.65,2022-07-06 15:00:00,NFO,29-SEP-2022,160.0,155.0,155.0,2900,Options,Call,NIFTY,17200.0,200
176.0,2022-07-07 10:00:00,NFO,29-SEP-2022,180.0,165.0,180.0,2850,Options,Call,NIFTY,17200.0,200
174.0,2022-07-07 10:30:00,NFO,29-SEP-2022,174.0,174.0,174.0,2850,Options,Call,NIFTY,17200.0,400
178.8,2022-07-07 12:00:00,NFO,29-SEP-2022,178.8,178.8,178.8,3250,Options,Call,NIFTY,17200.0,100
182.9,2022-07-07 13:00:00,NFO,29-SEP-2022,182.9,178.0,178.0,3300,Options,Call,NIFTY,17200.0,300
182.5,2022-07-07 13:30:00,NFO,29-SEP-2022,182.5,182.5,182.5,3400,Options,Call,NIFTY,17200.0,100
170.0,2022-07-07 14:00:00,NFO,29-SEP-2022,175.0,170.0,175.0,3650,Options,Call,NIFTY,17200.0,300
179.6,2022-07-07 15:00:00,NFO,29-SEP-2022,179.6,178.8,178.8,3650,Options,Call,NIFTY,17200.0,300
186.55,2022-07-08 09:00:00,NFO,29-SEP-2022,188.05,186.55,188.05,3700,Options,Call,NIFTY,17200.0,100
189.95,2022-07-08 09:30:00,NFO,29-SEP-2022,191.05,189.0,189.85,3700,Options,Call,NIFTY,17200.0,250
186.95,2022-07-08 10:00:00,NFO,29-SEP-2022,186.95,186.95,186.95,3750,Options,Call,NIFTY,17200.0,50
190.0,2022-07-08 10:30:00,NFO,29-SEP-2022,193.0,190.0,193.0,3800,Options,Call,NIFTY,17200.0,250
190.15,2022-07-08 11:00:00,NFO,29-SEP-2022,190.15,186.0,186.0,4200,Options,Call,NIFTY,17200.0,550
183.0,2022-07-08 11:30:00,NFO,29-SEP-2022,189.0,183.0,188.8,4350,Options,Call,NIFTY,17200.0,150
185.55,2022-07-08 12:30:00,NFO,29-SEP-2022,185.55,185.55,185.55,4350,Options,Call,NIFTY,17200.0,50
180.0,2022-07-08 14:00:00,NFO,29-SEP-2022,182.0,180.0,182.0,4350,Options,Call,NIFTY,17200.0,300
185.5,2022-07-08 15:00:00,NFO,29-SEP-2022,189.5,185.5,189.5,4350,Options,Call,NIFTY,17200.0,150
170.5,2022-07-11 09:00:00,NFO,29-SEP-2022,175.0,170.5,175.0,4300,Options,Call,NIFTY,17200.0,150
170.0,2022-07-11 10:00:00,NFO,29-SEP-2022,170.0,169.5,169.5,4300,Options,Call,NIFTY,17200.0,100
170.0,2022-07-11 10:30:00,NFO,29-SEP-2022,170.0,170.0,170.0,4400,Options,Call,NIFTY,17200.0,100
167.0,2022-07-11 11:00:00,NFO,29-SEP-2022,167.0,167.0,167.0,4400,Options,Call,NIFTY,17200.0,50
167.0,2022-07-11 11:30:00,NFO,29-SEP-2022,167.0,167.0,167.0,4400,Options,Call,NIFTY,17200.0,250
167.0,2022-07-11 12:00:00,NFO,29-SEP-2022,167.0,167.0,167.0,4400,Options,Call,NIFTY,17200.0,200
167.5,2022-07-11 13:00:00,NFO,29-SEP-2022,172.45,167.5,172.45,4400,Options,Call,NIFTY,17200.0,250
182.3,2022-07-11 14:00:00,NFO,29-SEP-2022,182.3,182.3,182.3,4400,Options,Call,NIFTY,17200.0,50
182.3,2022-07-11 14:30:00,NFO,29-SEP-2022,185.0,182.3,185.0,4400,Options,Call,NIFTY,17200.0,100
172.1,2022-07-11 15:00:00,NFO,29-SEP-2022,180.5,164.1,178.55,5300,Options,Call,NIFTY,17200.0,1700
153.0,2022-07-12 09:30:00,NFO,29-SEP-2022,155.0,153.0,154.5,5400,Options,Call,NIFTY,17200.0,250
156.05,2022-07-12 10:00:00,NFO,29-SEP-2022,156.05,156.05,156.05,5500,Options,Call,NIFTY,17200.0,50
152.55,2022-07-12 11:00:00,NFO,29-SEP-2022,157.4,152.55,156.5,5550,Options,Call,NIFTY,17200.0,150
153.5,2022-07-12 11:30:00,NFO,29-SEP-2022,153.5,153.5,153.5,5550,Options,Call,NIFTY,17200.0,50
150.1,2022-07-12 12:00:00,NFO,29-SEP-2022,150.1,150.1,150.1,5550,Options,Call,NIFTY,17200.0,50
144.65,2022-07-12 12:30:00,NFO,29-SEP-2022,150.0,144.65,150.0,5500,Options,Call,NIFTY,17200.0,550
143.25,2022-07-12 13:00:00,NFO,29-SEP-2022,145.7,143.25,145.7,5450,Options,Call,NIFTY,17200.0,100
148.0,2022-07-12 13:30:00,NFO,29-SEP-2022,148.0,147.5,147.5,5600,Options,Call,NIFTY,17200.0,100
149.0,2022-07-12 14:00:00,NFO,29-SEP-2022,149.0,148.15,148.15,5650,Options,Call,NIFTY,17200.0,100
147.75,2022-07-12 14:30:00,NFO,29-SEP-2022,147.75,147.75,147.75,5700,Options,Call,NIFTY,17200.0,300
137.0,2022-07-12 15:00:00,NFO,29-SEP-2022,144.0,135.0,143.5,7050,Options,Call,NIFTY,17200.0,1550
146.0,2022-07-13 09:00:00,NFO,29-SEP-2022,146.15,136.95,136.95,7100,Options,Call,NIFTY,17200.0,450
145.0,2022-07-13 09:30:00,NFO,29-SEP-2022,146.2,145.0,146.2,7600,Options,Call,NIFTY,17200.0,550
139.5,2022-07-13 10:00:00,NFO,29-SEP-2022,145.0,139.5,144.05,7800,Options,Call,NIFTY,17200.0,500
137.0,2022-07-13 10:30:00,NFO,29-SEP-2022,140.25,135.9,139.95,9600,Options,Call,NIFTY,17200.0,2400
138.9,2022-07-13 11:00:00,NFO,29-SEP-2022,138.9,135.45,136.55,12150,Options,Call,NIFTY,17200.0,2950
138.85,2022-07-13 11:30:00,NFO,29-SEP-2022,138.85,138.85,138.85,12150,Options,Call,NIFTY,17200.0,50
138.0,2022-07-13 12:00:00,NFO,29-SEP-2022,139.0,137.5,137.5,12450,Options,Call,NIFTY,17200.0,500
128.35,2022-07-13 12:30:00,NFO,29-SEP-2022,135.7,128.35,135.7,15200,Options,Call,NIFTY,17200.0,3800
126.8,2022-07-13 13:00:00,NFO,29-SEP-2022,130.45,126.8,130.45,15650,Options,Call,NIFTY,17200.0,700
127.75,2022-07-13 13:30:00,NFO,29-SEP-2022,128.95,123.6,124.4,16150,Options,Call,NIFTY,17200.0,1350
127.25,2022-07-13 14:00:00,NFO,29-SEP-2022,129.6,126.95,128.2,16850,Options,Call,NIFTY,17200.0,650
125.0,2022-07-13 14:30:00,NFO,29-SEP-2022,126.7,125.0,125.05,17300,Options,Call,NIFTY,17200.0,550
121.0,2022-07-13 15:00:00,NFO,29-SEP-2022,124.5,118.25,124.5,17200,Options,Call,NIFTY,17200.0,1950
117.8,2022-07-14 09:00:00,NFO,29-SEP-2022,121.25,117.75,121.25,17200,Options,Call,NIFTY,17200.0,150
126.0,2022-07-14 09:30:00,NFO,29-SEP-2022,126.0,117.95,117.95,17450,Options,Call,NIFTY,17200.0,450
126.35,2022-07-14 10:00:00,NFO,29-SEP-2022,127.0,126.0,126.0,17550,Options,Call,NIFTY,17200.0,150
125.0,2022-07-14 10:30:00,NFO,29-SEP-2022,125.0,121.15,121.15,17500,Options,Call,NIFTY,17200.0,150
114.55,2022-07-14 11:00:00,NFO,29-SEP-2022,119.0,114.55,119.0,17150,Options,Call,NIFTY,17200.0,500
114.55,2022-07-14 11:30:00,NFO,29-SEP-2022,114.55,114.55,114.55,17150,Options,Call,NIFTY,17200.0,100
112.0,2022-07-14 12:00:00,NFO,29-SEP-2022,112.0,105.8,105.8,17150,Options,Call,NIFTY,17200.0,250
109.0,2022-07-14 13:00:00,NFO,29-SEP-2022,110.0,109.0,110.0,17300,Options,Call,NIFTY,17200.0,200
105.55,2022-07-14 13:30:00,NFO,29-SEP-2022,110.5,105.55,110.5,17350,Options,Call,NIFTY,17200.0,300
104.0,2022-07-14 14:00:00,NFO,29-SEP-2022,105.85,100.0,103.45,17550,Options,Call,NIFTY,17200.0,800
108.95,2022-07-14 14:30:00,NFO,29-SEP-2022,108.95,104.5,104.5,17600,Options,Call,NIFTY,17200.0,400
105.7,2022-07-14 15:00:00,NFO,29-SEP-2022,109.95,103.7,105.0,18050,Options,Call,NIFTY,17200.0,1200
108.1,2022-07-15 09:00:00,NFO,29-SEP-2022,116.8,108.1,112.2,18050,Options,Call,NIFTY,17200.0,550
109.7,2022-07-15 09:30:00,NFO,29-SEP-2022,112.1,108.35,110.0,18850,Options,Call,NIFTY,17200.0,2000
110.0,2022-07-15 10:00:00,NFO,29-SEP-2022,110.0,106.2,106.4,18850,Options,Call,NIFTY,17200.0,800
108.35,2022-07-15 10:30:00,NFO,29-SEP-2022,110.0,108.35,109.65,19000,Options,Call,NIFTY,17200.0,750
104.65,2022-07-15 11:00:00,NFO,29-SEP-2022,107.6,102.1,107.6,19300,Options,Call,NIFTY,17200.0,650
105.85,2022-07-15 11:30:00,NFO,29-SEP-2022,106.0,105.5,105.5,19450,Options,Call,NIFTY,17200.0,450
102.7,2022-07-15 12:00:00,NFO,29-SEP-2022,105.2,102.5,105.2,19200,Options,Call,NIFTY,17200.0,300
103.75,2022-07-15 12:30:00,NFO,29-SEP-2022,105.0,101.75,102.5,19400,Options,Call,NIFTY,17200.0,1100
106.0,2022-07-15 13:00:00,NFO,29-SEP-2022,107.0,106.0,106.0,19350,Options,Call,NIFTY,17200.0,200
105.0,2022-07-15 13:30:00,NFO,29-SEP-2022,106.0,103.05,106.0,19300,Options,Call,NIFTY,17200.0,1350
109.25,2022-07-15 14:00:00,NFO,29-SEP-2022,109.5,103.85,103.85,19450,Options,Call,NIFTY,17200.0,950
113.0,2022-07-15 14:30:00,NFO,29-SEP-2022,113.95,109.5,109.5,18700,Options,Call,NIFTY,17200.0,5350
119.5,2022-07-15 15:00:00,NFO,29-SEP-2022,119.5,114.6,114.6,17550,Options,Call,NIFTY,17200.0,3700
133.6,2022-07-18 09:00:00,NFO,29-SEP-2022,135.55,132.75,132.75,17400,Options,Call,NIFTY,17200.0,650
132.75,2022-07-18 09:30:00,NFO,29-SEP-2022,136.4,132.0,134.0,18150,Options,Call,NIFTY,17200.0,1250
136.5,2022-07-18 10:00:00,NFO,29-SEP-2022,138.0,132.7,132.7,18200,Options,Call,NIFTY,17200.0,1200
142.45,2022-07-18 10:30:00,NFO,29-SEP-2022,142.45,135.0,136.0,18050,Options,Call,NIFTY,17200.0,550
141.85,2022-07-18 11:00:00,NFO,29-SEP-2022,142.5,139.9,141.6,18000,Options,Call,NIFTY,17200.0,650
134.3,2022-07-18 11:30:00,NFO,29-SEP-2022,141.45,134.3,141.45,18000,Options,Call,NIFTY,17200.0,1550
140.5,2022-07-18 12:00:00,NFO,29-SEP-2022,142.15,136.5,136.5,17900,Options,Call,NIFTY,17200.0,850
139.45,2022-07-18 12:30:00,NFO,29-SEP-2022,142.05,137.5,139.0,18150,Options,Call,NIFTY,17200.0,700
135.55,2022-07-18 13:00:00,NFO,29-SEP-2022,142.4,135.55,142.4,18650,Options,Call,NIFTY,17200.0,850
143.05,2022-07-18 13:30:00,NFO,29-SEP-2022,143.05,143.0,143.0,18750,Options,Call,NIFTY,17200.0,100
142.0,2022-07-18 14:00:00,NFO,29-SEP-2022,143.35,139.1,139.1,18650,Options,Call,NIFTY,17200.0,1400
143.0,2022-07-18 14:30:00,NFO,29-SEP-2022,145.0,139.95,141.4,19000,Options,Call,NIFTY,17200.0,1800
150.0,2022-07-18 15:00:00,NFO,29-SEP-2022,150.0,140.8,147.05,22000,Options,Call,NIFTY,17200.0,5900
140.0,2022-07-19 09:00:00,NFO,29-SEP-2022,140.0,137.4,137.45,21600,Options,Call,NIFTY,17200.0,450
146.0,2022-07-19 09:30:00,NFO,29-SEP-2022,146.0,138.0,140.25,21750,Options,Call,NIFTY,17200.0,1000
147.95,2022-07-19 10:00:00,NFO,29-SEP-2022,148.6,145.0,145.0,21850,Options,Call,NIFTY,17200.0,850
152.5,2022-07-19 10:30:00,NFO,29-SEP-2022,153.05,147.0,147.55,21650,Options,Call,NIFTY,17200.0,550
148.9,2022-07-19 11:00:00,NFO,29-SEP-2022,156.95,148.9,153.0,21900,Options,Call,NIFTY,17200.0,750
140.65,2022-07-19 11:30:00,NFO,29-SEP-2022,148.75,140.0,147.4,22000,Options,Call,NIFTY,17200.0,650
151.0,2022-07-19 12:00:00,NFO,29-SEP-2022,151.0,147.8,147.8,22000,Options,Call,NIFTY,17200.0,400
150.85,2022-07-19 12:30:00,NFO,29-SEP-2022,153.0,150.0,150.0,22050,Options,Call,NIFTY,17200.0,300
146.3,2022-07-19 13:00:00,NFO,29-SEP-2022,146.3,143.6,143.6,22050,Options,Call,NIFTY,17200.0,100
146.5,2022-07-19 13:30:00,NFO,29-SEP-2022,146.5,145.95,146.0,22100,Options,Call,NIFTY,17200.0,750
150.8,2022-07-19 14:00:00,NFO,29-SEP-2022,150.8,144.8,149.35,22850,Options,Call,NIFTY,17200.0,750
159.0,2022-07-19 14:30:00,NFO,29-SEP-2022,159.9,152.5,152.5,23500,Options,Call,NIFTY,17200.0,1750
156.7,2022-07-19 15:00:00,NFO,29-SEP-2022,162.25,153.0,160.85,21900,Options,Call,NIFTY,17200.0,2450
193.5,2022-07-20 09:00:00,NFO,29-SEP-2022,198.0,190.5,197.95,21750,Options,Call,NIFTY,17200.0,2250
201.8,2022-07-20 09:30:00,NFO,29-SEP-2022,207.5,194.0,194.0,21800,Options,Call,NIFTY,17200.0,3800
204.7,2022-07-20 10:00:00,NFO,29-SEP-2022,205.75,200.6,200.6,22400,Options,Call,NIFTY,17200.0,2650
207.3,2022-07-20 10:30:00,NFO,29-SEP-2022,208.25,204.55,204.55,22050,Options,Call,NIFTY,17200.0,2200
208.5,2022-07-20 11:00:00,NFO,29-SEP-2022,211.55,208.0,208.0,22350,Options,Call,NIFTY,17200.0,800
205.7,2022-07-20 11:30:00,NFO,29-SEP-2022,208.5,205.25,207.5,22450,Options,Call,NIFTY,17200.0,600
211.5,2022-07-20 12:00:00,NFO,29-SEP-2022,212.25,206.85,206.85,22200,Options,Call,NIFTY,17200.0,400
214.65,2022-07-20 12:30:00,NFO,29-SEP-2022,217.8,212.65,212.65,23300,Options,Call,NIFTY,17200.0,2550
206.85,2022-07-20 13:00:00,NFO,29-SEP-2022,215.25,196.4,215.25,23550,Options,Call,NIFTY,17200.0,950
208.25,2022-07-20 13:30:00,NFO,29-SEP-2022,210.15,204.1,207.0,23800,Options,Call,NIFTY,17200.0,400
204.3,2022-07-20 14:00:00,NFO,29-SEP-2022,208.1,204.05,208.1,24100,Options,Call,NIFTY,17200.0,600
197.15,2022-07-20 14:30:00,NFO,29-SEP-2022,203.2,194.1,203.2,24050,Options,Call,NIFTY,17200.0,650
192.0,2022-07-20 15:00:00,NFO,29-SEP-2022,200.0,189.6,199.0,24150,Options,Call,NIFTY,17200.0,2600
192.3,2022-07-21 09:00:00,NFO,29-SEP-2022,192.3,187.0,188.25,24100,Options,Call,NIFTY,17200.0,750
208.85,2022-07-21 09:30:00,NFO,29-SEP-2022,208.85,196.0,196.8,24000,Options,Call,NIFTY,17200.0,1700
213.65,2022-07-21 10:00:00,NFO,29-SEP-2022,215.6,207.6,207.6,24750,Options,Call,NIFTY,17200.0,1100
214.25,2022-07-21 10:30:00,NFO,29-SEP-2022,214.25,211.95,211.95,24900,Options,Call,NIFTY,17200.0,400
220.0,2022-07-21 11:00:00,NFO,29-SEP-2022,220.7,210.0,213.0,25300,Options,Call,NIFTY,17200.0,2100
222.15,2022-07-21 11:30:00,NFO,29-SEP-2022,222.2,216.3,219.4,26250,Options,Call,NIFTY,17200.0,1900
214.15,2022-07-21 12:00:00,NFO,29-SEP-2022,218.0,214.15,218.0,26200,Options,Call,NIFTY,17200.0,150
218.0,2022-07-21 12:30:00,NFO,29-SEP-2022,218.75,210.95,214.65,26400,Options,Call,NIFTY,17200.0,550
205.0,2022-07-21 13:00:00,NFO,29-SEP-2022,212.55,205.0,211.75,26600,Options,Call,NIFTY,17200.0,750
202.55,2022-07-21 13:30:00,NFO,29-SEP-2022,202.55,201.0,201.0,26850,Options,Call,NIFTY,17200.0,300
208.1,2022-07-21 14:00:00,NFO,29-SEP-2022,208.2,197.65,197.65,27050,Options,Call,NIFTY,17200.0,1650
209.85,2022-07-21 14:30:00,NFO,29-SEP-2022,218.0,209.65,214.0,27100,Options,Call,NIFTY,17200.0,450
225.0,2022-07-21 15:00:00,NFO,29-SEP-2022,225.0,205.5,205.5,28200,Options,Call,NIFTY,17200.0,2950
248.05,2022-07-22 09:00:00,NFO,29-SEP-2022,248.05,236.3,239.0,28900,Options,Call,NIFTY,17200.0,2600
237.3,2022-07-22 09:30:00,NFO,29-SEP-2022,248.0,232.5,248.0,34350,Options,Call,NIFTY,17200.0,5350
234.1,2022-07-22 10:00:00,NFO,29-SEP-2022,237.0,230.0,232.45,35400,Options,Call,NIFTY,17200.0,2900
229.5,2022-07-22 10:30:00,NFO,29-SEP-2022,237.0,226.0,234.1,35850,Options,Call,NIFTY,17200.0,2550
228.3,2022-07-22 11:00:00,NFO,29-SEP-2022,231.95,228.3,229.5,36350,Options,Call,NIFTY,17200.0,1350
239.0,2022-07-22 11:30:00,NFO,29-SEP-2022,239.5,230.0,230.0,36600,Options,Call,NIFTY,17200.0,1150
241.95,2022-07-22 12:00:00,NFO,29-SEP-2022,242.85,236.95,236.95,36700,Options,Call,NIFTY,17200.0,2300
242.0,2022-07-22 12:30:00,NFO,29-SEP-2022,247.35,239.7,242.25,37250,Options,Call,NIFTY,17200.0,2100
241.0,2022-07-22 13:00:00,NFO,29-SEP-2022,242.35,241.0,242.35,37550,Options,Call,NIFTY,17200.0,250
255.35,2022-07-22 13:30:00,NFO,29-SEP-2022,259.1,240.0,240.0,38550,Options,Call,NIFTY,17200.0,4000
270.0,2022-07-22 14:00:00,NFO,29-SEP-2022,270.0,254.15,255.0,39650,Options,Call,NIFTY,17200.0,3350
260.9,2022-07-22 14:30:00,NFO,29-SEP-2022,274.0,259.3,273.95,39600,Options,Call,NIFTY,17200.0,2150
256.6,2022-07-22 15:00:00,NFO,29-SEP-2022,268.0,256.0,261.15,39200,Options,Call,NIFTY,17200.0,4050
251.75,2022-07-25 09:00:00,NFO,29-SEP-2022,257.1,242.9,243.95,38900,Options,Call,NIFTY,17200.0,3300
223.3,2022-07-25 09:30:00,NFO,29-SEP-2022,248.35,222.6,248.35,38950,Options,Call,NIFTY,17200.0,4600
224.4,2022-07-25 10:00:00,NFO,29-SEP-2022,232.0,221.5,225.35,39250,Options,Call,NIFTY,17200.0,2750
227.5,2022-07-25 10:30:00,NFO,29-SEP-2022,227.5,221.95,223.2,39550,Options,Call,NIFTY,17200.0,2800
221.8,2022-07-25 11:00:00,NFO,29-SEP-2022,222.45,220.0,222.45,39700,Options,Call,NIFTY,17200.0,800
227.9,2022-07-25 11:30:00,NFO,29-SEP-2022,227.9,222.5,225.75,39600,Options,Call,NIFTY,17200.0,800
227.3,2022-07-25 12:00:00,NFO,29-SEP-2022,227.75,223.3,227.15,39550,Options,Call,NIFTY,17200.0,550
224.0,2022-07-25 12:30:00,NFO,29-SEP-2022,228.0,220.35,227.3,40750,Options,Call,NIFTY,17200.0,2150
227.85,2022-07-25 13:00:00,NFO,29-SEP-2022,232.95,222.0,225.0,41950,Options,Call,NIFTY,17200.0,2000
230.0,2022-07-25 13:30:00,NFO,29-SEP-2022,230.05,223.3,226.7,44300,Options,Call,NIFTY,17200.0,3250
245.3,2022-07-25 14:00:00,NFO,29-SEP-2022,245.3,231.35,231.35,44450,Options,Call,NIFTY,17200.0,400
250.7,2022-07-25 14:30:00,NFO,29-SEP-2022,250.7,246.85,246.85,44050,Options,Call,NIFTY,17200.0,950
227.65,2022-07-25 15:00:00,NFO,29-SEP-2022,247.3,227.65,247.3,45450,Options,Call,NIFTY,17200.0,2400
216.0,2022-07-26 09:00:00,NFO,29-SEP-2022,222.5,215.5,221.05,41000,Options,Call,NIFTY,17200.0,2100
209.5,2022-07-26 09:30:00,NFO,29-SEP-2022,216.0,209.5,211.5,40400,Options,Call,NIFTY,17200.0,1850
209.2,2022-07-26 10:00:00,NFO,29-SEP-2022,209.2,204.35,205.2,40750,Options,Call,NIFTY,17200.0,600
209.6,2022-07-26 10:30:00,NFO,29-SEP-2022,209.7,205.0,207.5,41800,Options,Call,NIFTY,17200.0,3550
210.4,2022-07-26 11:00:00,NFO,29-SEP-2022,212.2,207.45,211.0,41800,Options,Call,NIFTY,17200.0,650
215.65,2022-07-26 11:30:00,NFO,29-SEP-2022,215.65,210.0,210.35,42050,Options,Call,NIFTY,17200.0,450
215.45,2022-07-26 12:00:00,NFO,29-SEP-2022,218.1,214.0,215.65,42050,Options,Call,NIFTY,17200.0,1450
218.0,2022-07-26 12:30:00,NFO,29-SEP-2022,220.95,216.35,216.35,41900,Options,Call,NIFTY,17200.0,1300
222.1,2022-07-26 13:00:00,NFO,29-SEP-2022,222.1,217.0,219.0,41900,Options,Call,NIFTY,17200.0,250
209.65,2022-07-26 13:30:00,NFO,29-SEP-2022,220.75,206.6,220.25,41950,Options,Call,NIFTY,17200.0,750
209.5,2022-07-26 14:00:00,NFO,29-SEP-2022,217.4,208.15,208.15,41750,Options,Call,NIFTY,17200.0,1350
206.0,2022-07-26 14:30:00,NFO,29-SEP-2022,213.9,200.5,210.7,41100,Options,Call,NIFTY,17200.0,1450
193.75,2022-07-26 15:00:00,NFO,29-SEP-2022,205.35,193.75,202.95,41150,Options,Call,NIFTY,17200.0,2950
193.0,2022-07-27 09:00:00,NFO,29-SEP-2022,203.0,191.5,201.0,39950,Options,Call,NIFTY,17200.0,1200
198.9,2022-07-27 09:30:00,NFO,29-SEP-2022,199.0,186.5,186.5,39800,Options,Call,NIFTY,17200.0,1850
210.0,2022-07-27 10:00:00,NFO,29-SEP-2022,213.0,200.0,200.0,40800,Options,Call,NIFTY,17200.0,1500
212.8,2022-07-27 10:30:00,NFO,29-SEP-2022,212.8,212.0,212.0,40800,Options,Call,NIFTY,17200.0,100
215.0,2022-07-27 11:00:00,NFO,29-SEP-2022,216.9,212.0,216.9,41000,Options,Call,NIFTY,17200.0,650
218.95,2022-07-27 11:30:00,NFO,29-SEP-2022,220.0,217.0,217.05,41100,Options,Call,NIFTY,17200.0,300
220.0,2022-07-27 12:00:00,NFO,29-SEP-2022,220.0,217.5,217.5,41150,Options,Call,NIFTY,17200.0,200
234.0,2022-07-27 12:30:00,NFO,29-SEP-2022,234.0,218.0,218.0,41500,Options,Call,NIFTY,17200.0,400
230.5,2022-07-27 13:00:00,NFO,29-SEP-2022,237.25,230.5,233.5,41600,Options,Call,NIFTY,17200.0,2700
227.7,2022-07-27 13:30:00,NFO,29-SEP-2022,238.3,227.7,236.0,42250,Options,Call,NIFTY,17200.0,1550
239.95,2022-07-27 14:00:00,NFO,29-SEP-2022,239.95,230.0,230.0,43000,Options,Call,NIFTY,17200.0,1400
240.0,2022-07-27 14:30:00,NFO,29-SEP-2022,240.0,237.95,238.0,44250,Options,Call,NIFTY,17200.0,3350
247.1,2022-07-27 15:00:00,NFO,29-SEP-2022,248.45,240.0,240.0,49400,Options,Call,NIFTY,17200.0,7050
274.3,2022-07-28 09:00:00,NFO,29-SEP-2022,280.0,266.0,280.0,51200,Options,Call,NIFTY,17200.0,7000
286.15,2022-07-28 09:30:00,NFO,29-SEP-2022,286.15,267.25,275.5,52800,Options,Call,NIFTY,17200.0,3950
318.7,2022-07-28 10:00:00,NFO,29-SEP-2022,318.7,290.0,290.0,51700,Options,Call,NIFTY,17200.0,6150
319.5,2022-07-28 10:30:00,NFO,29-SEP-2022,319.5,312.0,315.45,51400,Options,Call,NIFTY,17200.0,1500
324.1,2022-07-28 11:00:00,NFO,29-SEP-2022,333.0,319.0,324.5,51700,Options,Call,NIFTY,17200.0,6350
329.3,2022-07-28 11:30:00,NFO,29-SEP-2022,335.6,324.4,324.8,51200,Options,Call,NIFTY,17200.0,1800
336.0,2022-07-28 12:00:00,NFO,29-SEP-2022,337.5,330.0,330.0,51700,Options,Call,NIFTY,17200.0,3150
340.45,2022-07-28 12:30:00,NFO,29-SEP-2022,350.0,330.3,334.5,52200,Options,Call,NIFTY,17200.0,4100
350.2,2022-07-28 13:00:00,NFO,29-SEP-2022,350.2,330.0,338.25,52800,Options,Call,NIFTY,17200.0,3500
349.0,2022-07-28 13:30:00,NFO,29-SEP-2022,352.35,341.4,345.15,53700,Options,Call,NIFTY,17200.0,3700
345.0,2022-07-28 14:00:00,NFO,29-SEP-2022,349.0,337.45,349.0,53800,Options,Call,NIFTY,17200.0,1200
323.0,2022-07-28 14:30:00,NFO,29-SEP-2022,342.65,321.0,342.65,54100,Options,Call,NIFTY,17200.0,1300
347.0,2022-07-28 15:00:00,NFO,29-SEP-2022,351.8,325.55,325.55,54250,Options,Call,NIFTY,17200.0,2250
433.95,2022-07-29 09:00:00,NFO,29-SEP-2022,445.0,409.5,426.35,51350,Options,Call,NIFTY,17200.0,12900
453.0,2022-07-29 09:30:00,NFO,29-SEP-2022,454.0,430.25,431.05,56500,Options,Call,NIFTY,17200.0,11850
417.0,2022-07-29 10:00:00,NFO,29-SEP-2022,455.0,405.0,454.9,60700,Options,Call,NIFTY,17200.0,13000
424.0,2022-07-29 10:30:00,NFO,29-SEP-2022,427.4,398.0,416.9,64550,Options,Call,NIFTY,17200.0,10700
440.0,2022-07-29 11:00:00,NFO,29-SEP-2022,448.5,414.2,414.2,66950,Options,Call,NIFTY,17200.0,6950
439.75,2022-07-29 11:30:00,NFO,29-SEP-2022,443.8,432.75,434.6,66600,Options,Call,NIFTY,17200.0,4050
439.95,2022-07-29 12:00:00,NFO,29-SEP-2022,444.15,436.5,439.75,66700,Options,Call,NIFTY,17200.0,2750
447.0,2022-07-29 12:30:00,NFO,29-SEP-2022,450.35,435.0,440.0,67200,Options,Call,NIFTY,17200.0,3200
445.5,2022-07-29 13:00:00,NFO,29-SEP-2022,448.6,437.6,448.0,67050,Options,Call,NIFTY,17200.0,1400
436.7,2022-07-29 13:30:00,NFO,29-SEP-2022,445.5,427.05,445.5,66700,Options,Call,NIFTY,17200.0,1850
437.05,2022-07-29 14:00:00,NFO,29-SEP-2022,441.6,421.35,440.0,65900,Options,Call,NIFTY,17200.0,3900
445.5,2022-07-29 14:30:00,NFO,29-SEP-2022,445.5,431.0,438.0,65800,Options,Call,NIFTY,17200.0,1250
478.6,2022-07-29 15:00:00,NFO,29-SEP-2022,483.9,445.5,445.5,65750,Options,Call,NIFTY,17200.0,14600
496.65,2022-08-01 09:00:00,NFO,29-SEP-2022,513.0,467.0,489.1,65550,Options,Call,NIFTY,17200.0,8250
523.0,2022-08-01 09:30:00,NFO,29-SEP-2022,527.0,496.8,497.0,65850,Options,Call,NIFTY,17200.0,7500
527.2,2022-08-01 10:00:00,NFO,29-SEP-2022,535.0,520.4,520.4,66400,Options,Call,NIFTY,17200.0,5500
535.0,2022-08-01 10:30:00,NFO,29-SEP-2022,543.1,524.0,527.55,67600,Options,Call,NIFTY,17200.0,5050
524.0,2022-08-01 11:00:00,NFO,29-SEP-2022,535.6,518.65,532.0,67750,Options,Call,NIFTY,17200.0,3700
536.4,2022-08-01 11:30:00,NFO,29-SEP-2022,540.0,524.0,526.0,68350,Options,Call,NIFTY,17200.0,3500
545.05,2022-08-01 12:00:00,NFO,29-SEP-2022,545.05,524.5,531.55,68400,Options,Call,NIFTY,17200.0,1850
550.0,2022-08-01 12:30:00,NFO,29-SEP-2022,554.7,545.0,550.0,67500,Options,Call,NIFTY,17200.0,6550
551.4,2022-08-01 13:00:00,NFO,29-SEP-2022,558.95,550.0,557.0,66650,Options,Call,NIFTY,17200.0,1800
567.95,2022-08-01 13:30:00,NFO,29-SEP-2022,567.95,553.0,558.0,66900,Options,Call,NIFTY,17200.0,2700
567.0,2022-08-01 14:00:00,NFO,29-SEP-2022,571.95,560.7,568.2,66550,Options,Call,NIFTY,17200.0,1500
582.5,2022-08-01 14:30:00,NFO,29-SEP-2022,582.5,564.0,570.55,63400,Options,Call,NIFTY,17200.0,6500
584.35,2022-08-01 15:00:00,NFO,29-SEP-2022,598.0,578.0,578.0,66150,Options,Call,NIFTY,17200.0,10900
565.35,2022-08-02 09:00:00,NFO,29-SEP-2022,565.35,537.5,541.95,66350,Options,Call,NIFTY,17200.0,2350
522.0,2022-08-02 09:30:00,NFO,29-SEP-2022,573.55,522.0,563.85,66450,Options,Call,NIFTY,17200.0,2150
528.7,2022-08-02 10:00:00,NFO,29-SEP-2022,531.5,510.95,520.0,68700,Options,Call,NIFTY,17200.0,7000
539.2,2022-08-02 10:30:00,NFO,29-SEP-2022,543.25,528.0,530.0,71100,Options,Call,NIFTY,17200.0,3550
538.3,2022-08-02 11:00:00,NFO,29-SEP-2022,541.0,536.55,538.0,72000,Options,Call,NIFTY,17200.0,1400
562.1,2022-08-02 11:30:00,NFO,29-SEP-2022,567.4,545.0,545.0,72550,Options,Call,NIFTY,17200.0,2350
565.05,2022-08-02 12:00:00,NFO,29-SEP-2022,567.35,556.0,562.5,73350,Options,Call,NIFTY,17200.0,3000
550.85,2022-08-02 12:30:00,NFO,29-SEP-2022,565.05,533.05,565.05,74750,Options,Call,NIFTY,17200.0,4800
561.15,2022-08-02 13:00:00,NFO,29-SEP-2022,563.65,552.15,552.15,75250,Options,Call,NIFTY,17200.0,1400
590.0,2022-08-02 13:30:00,NFO,29-SEP-2022,590.0,557.0,557.0,75600,Options,Call,NIFTY,17200.0,900
608.65,2022-08-02 14:00:00,NFO,29-SEP-2022,610.05,584.0,586.2,76050,Options,Call,NIFTY,17200.0,8750
631.0,2022-08-02 14:30:00,NFO,29-SEP-2022,638.65,606.05,606.6,75950,Options,Call,NIFTY,17200.0,4600
578.8,2022-08-02 15:00:00,NFO,29-SEP-2022,632.15,576.6,632.15,76550,Options,Call,NIFTY,17200.0,3250
617.7,2022-08-03 09:00:00,NFO,29-SEP-2022,628.0,609.05,609.05,75350,Options,Call,NIFTY,17200.0,4150
584.0,2022-08-03 09:30:00,NFO,29-SEP-2022,612.0,563.75,612.0,73000,Options,Call,NIFTY,17200.0,5600
573.5,2022-08-03 10:00:00,NFO,29-SEP-2022,593.0,572.0,593.0,72150,Options,Call,NIFTY,17200.0,350
572.3,2022-08-03 10:30:00,NFO,29-SEP-2022,572.3,556.5,556.5,71950,Options,Call,NIFTY,17200.0,1400
549.5,2022-08-03 11:00:00,NFO,29-SEP-2022,569.1,544.05,566.7,70450,Options,Call,NIFTY,17200.0,2950
566.85,2022-08-03 11:30:00,NFO,29-SEP-2022,568.0,547.0,551.0,70100,Options,Call,NIFTY,17200.0,1100
551.75,2022-08-03 12:00:00,NFO,29-SEP-2022,551.9,541.7,550.4,70150,Options,Call,NIFTY,17200.0,550
575.45,2022-08-03 12:30:00,NFO,29-SEP-2022,580.0,557.45,557.45,69900,Options,Call,NIFTY,17200.0,1050
573.05,2022-08-03 13:00:00,NFO,29-SEP-2022,580.2,571.3,574.95,69900,Options,Call,NIFTY,17200.0,700
574.35,2022-08-03 13:30:00,NFO,29-SEP-2022,574.35,555.0,573.0,69850,Options,Call,NIFTY,17200.0,2650
577.0,2022-08-03 14:00:00,NFO,29-SEP-2022,589.95,577.0,578.4,70000,Options,Call,NIFTY,17200.0,900
600.0,2022-08-03 14:30:00,NFO,29-SEP-2022,604.1,580.0,588.0,69600,Options,Call,NIFTY,17200.0,1400
632.55,2022-08-03 15:00:00,NFO,29-SEP-2022,632.55,605.0,605.0,69800,Options,Call,NIFTY,17200.0,3000
670.0,2022-08-04 09:00:00,NFO,29-SEP-2022,674.3,646.2,646.2,69650,Options,Call,NIFTY,17200.0,5200
676.95,2022-08-04 09:30:00,NFO,29-SEP-2022,681.8,658.0,658.7,68050,Options,Call,NIFTY,17200.0,7100
648.45,2022-08-04 10:00:00,NFO,29-SEP-2022,672.0,648.45,672.0,68150,Options,Call,NIFTY,17200.0,2900
656.55,2022-08-04 10:30:00,NFO,29-SEP-2022,660.7,646.65,648.3,67500,Options,Call,NIFTY,17200.0,850
597.0,2022-08-04 11:00:00,NFO,29-SEP-2022,654.0,592.05,654.0,67000,Options,Call,NIFTY,17200.0,3050
572.7,2022-08-04 11:30:00,NFO,29-SEP-2022,593.0,528.9,593.0,65800,Options,Call,NIFTY,17200.0,8850
591.5,2022-08-04 12:00:00,NFO,29-SEP-2022,608.0,559.0,559.0,67850,Options,Call,NIFTY,17200.0,11600
606.4,2022-08-04 12:30:00,NFO,29-SEP-2022,607.5,585.95,593.75,67600,Options,Call,NIFTY,17200.0,3400
601.0,2022-08-04 13:00:00,NFO,29-SEP-2022,621.0,588.7,612.2,67550,Options,Call,NIFTY,17200.0,1700
593.0,2022-08-04 13:30:00,NFO,29-SEP-2022,607.0,586.0,600.0,69100,Options,Call,NIFTY,17200.0,2600
570.15,2022-08-04 14:00:00,NFO,29-SEP-2022,581.0,569.95,576.0,69450,Options,Call,NIFTY,17200.0,1300
616.0,2022-08-04 14:30:00,NFO,29-SEP-2022,618.0,579.55,583.1,70700,Options,Call,NIFTY,17200.0,3450
612.15,2022-08-04 15:00:00,NFO,29-SEP-2022,640.0,606.9,616.3,73100,Options,Call,NIFTY,17200.0,6700
670.0,2022-08-05 09:00:00,NFO,29-SEP-2022,670.0,637.0,649.95,72800,Options,Call,NIFTY,17200.0,4050
673.65,2022-08-05 09:30:00,NFO,29-SEP-2022,678.0,650.0,675.0,72250,Options,Call,NIFTY,17200.0,5350
676.0,2022-08-05 10:00:00,NFO,29-SEP-2022,683.0,642.95,678.0,71750,Options,Call,NIFTY,17200.0,2850
671.05,2022-08-05 10:30:00,NFO,29-SEP-2022,675.0,664.75,664.75,71850,Options,Call,NIFTY,17200.0,850
682.0,2022-08-05 11:00:00,NFO,29-SEP-2022,696.0,672.05,672.05,71900,Options,Call,NIFTY,17200.0,2400
667.4,2022-08-05 11:30:00,NFO,29-SEP-2022,686.0,666.55,681.0,72400,Options,Call,NIFTY,17200.0,700
673.95,2022-08-05 12:00:00,NFO,29-SEP-2022,678.65,673.95,674.35,72500,Options,Call,NIFTY,17200.0,750
661.0,2022-08-05 12:30:00,NFO,29-SEP-2022,669.05,650.0,667.05,73050,Options,Call,NIFTY,17200.0,1350
656.0,2022-08-05 13:00:00,NFO,29-SEP-2022,659.0,637.95,639.0,73850,Options,Call,NIFTY,17200.0,800
660.3,2022-08-05 13:30:00,NFO,29-SEP-2022,673.25,655.95,656.45,74300,Options,Call,NIFTY,17200.0,2100
624.0,2022-08-05 14:00:00,NFO,29-SEP-2022,656.1,624.0,653.85,75300,Options,Call,NIFTY,17200.0,1100
629.0,2022-08-05 14:30:00,NFO,29-SEP-2022,647.0,615.0,615.0,74950,Options,Call,NIFTY,17200.0,1650
640.0,2022-08-05 15:00:00,NFO,29-SEP-2022,652.0,633.0,652.0,75300,Options,Call,NIFTY,17200.0,1800
658.0,2022-08-08 09:00:00,NFO,29-SEP-2022,658.0,627.0,647.95,79100,Options,Call,NIFTY,17200.0,9100
667.15,2022-08-08 09:30:00,NFO,29-SEP-2022,674.9,655.0,663.5,79450,Options,Call,NIFTY,17200.0,1400
676.65,2022-08-08 10:00:00,NFO,29-SEP-2022,676.65,660.95,662.85,78700,Options,Call,NIFTY,17200.0,5200
683.05,2022-08-08 10:30:00,NFO,29-SEP-2022,695.0,677.0,677.2,72100,Options,Call,NIFTY,17200.0,11150
690.5,2022-08-08 11:00:00,NFO,29-SEP-2022,690.5,685.95,685.95,71950,Options,Call,NIFTY,17200.0,350
693.0,2022-08-08 11:30:00,NFO,29-SEP-2022,705.0,691.0,700.0,71750,Options,Call,NIFTY,17200.0,1000
730.0,2022-08-08 12:00:00,NFO,29-SEP-2022,731.95,699.0,699.0,70800,Options,Call,NIFTY,17200.0,2050
730.0,2022-08-08 12:30:00,NFO,29-SEP-2022,738.7,728.35,730.0,70150,Options,Call,NIFTY,17200.0,1050
737.65,2022-08-08 13:00:00,NFO,29-SEP-2022,739.5,731.75,733.2,75250,Options,Call,NIFTY,17200.0,14700
740.0,2022-08-08 13:30:00,NFO,29-SEP-2022,743.7,729.95,731.0,67650,Options,Call,NIFTY,17200.0,15150
731.0,2022-08-08 14:00:00,NFO,29-SEP-2022,737.0,727.0,733.45,67300,Options,Call,NIFTY,17200.0,2050
726.6,2022-08-08 14:30:00,NFO,29-SEP-2022,730.0,706.6,730.0,68000,Options,Call,NIFTY,17200.0,3550
732.65,2022-08-08 15:00:00,NFO,29-SEP-2022,734.4,723.5,734.4,67250,Options,Call,NIFTY,17200.0,1050
737.0,2022-08-10 09:00:00,NFO,29-SEP-2022,737.0,700.7,730.95,66300,Options,Call,NIFTY,17200.0,650
682.75,2022-08-10 09:30:00,NFO,29-SEP-2022,720.0,681.5,717.0,66550,Options,Call,NIFTY,17200.0,850
714.95,2022-08-10 10:00:00,NFO,29-SEP-2022,721.0,672.95,677.0,68000,Options,Call,NIFTY,17200.0,4250
719.5,2022-08-10 10:30:00,NFO,29-SEP-2022,727.0,714.35,722.0,68300,Options,Call,NIFTY,17200.0,1050
711.95,2022-08-10 11:00:00,NFO,29-SEP-2022,722.0,705.0,716.0,68500,Options,Call,NIFTY,17200.0,700
713.15,2022-08-10 11:30:00,NFO,29-SEP-2022,715.0,710.8,714.85,68850,Options,Call,NIFTY,17200.0,2000
695.0,2022-08-10 12:00:00,NFO,29-SEP-2022,704.0,695.0,704.0,68800,Options,Call,NIFTY,17200.0,100
714.0,2022-08-10 12:30:00,NFO,29-SEP-2022,716.2,703.0,716.2,68650,Options,Call,NIFTY,17200.0,2350
706.25,2022-08-10 13:00:00,NFO,29-SEP-2022,721.95,705.8,721.95,68700,Options,Call,NIFTY,17200.0,1300
705.95,2022-08-10 13:30:00,NFO,29-SEP-2022,705.95,705.95,705.95,68650,Options,Call,NIFTY,17200.0,100
738.0,2022-08-10 14:00:00,NFO,29-SEP-2022,741.0,721.0,721.0,68900,Options,Call,NIFTY,17200.0,1650
731.0,2022-08-10 14:30:00,NFO,29-SEP-2022,735.0,731.0,735.0,69400,Options,Call,NIFTY,17200.0,300
724.05,2022-08-10 15:00:00,NFO,29-SEP-2022,734.0,724.0,732.0,69700,Options,Call,NIFTY,17200.0,1350
810.0,2022-08-11 09:00:00,NFO,29-SEP-2022,829.0,800.0,800.0,68800,Options,Call,NIFTY,17200.0,3800
819.0,2022-08-11 09:30:00,NFO,29-SEP-2022,823.0,807.45,813.0,67600,Options,Call,NIFTY,17200.0,6950
811.65,2022-08-11 10:00:00,NFO,29-SEP-2022,823.35,811.0,815.0,67500,Options,Call,NIFTY,17200.0,4500
816.55,2022-08-11 10:30:00,NFO,29-SEP-2022,826.3,811.0,811.65,68350,Options,Call,NIFTY,17200.0,5100
803.0,2022-08-11 11:00:00,NFO,29-SEP-2022,813.95,785.8,812.0,68200,Options,Call,NIFTY,17200.0,900
803.95,2022-08-11 11:30:00,NFO,29-SEP-2022,803.95,794.25,800.0,69800,Options,Call,NIFTY,17200.0,2350
810.0,2022-08-11 12:00:00,NFO,29-SEP-2022,817.45,797.0,801.0,70050,Options,Call,NIFTY,17200.0,1000
808.25,2022-08-11 12:30:00,NFO,29-SEP-2022,810.0,803.15,810.0,69850,Options,Call,NIFTY,17200.0,350
780.35,2022-08-11 13:00:00,NFO,29-SEP-2022,806.0,780.35,805.0,71100,Options,Call,NIFTY,17200.0,3150
795.0,2022-08-11 13:30:00,NFO,29-SEP-2022,795.0,783.35,784.25,71450,Options,Call,NIFTY,17200.0,1100
800.0,2022-08-11 14:00:00,NFO,29-SEP-2022,800.0,784.0,792.0,71800,Options,Call,NIFTY,17200.0,2150
789.3,2022-08-11 14:30:00,NFO,29-SEP-2022,803.0,786.0,803.0,71900,Options,Call,NIFTY,17200.0,950
795.65,2022-08-11 15:00:00,NFO,29-SEP-2022,800.7,780.0,795.05,72500,Options,Call,NIFTY,17200.0,3000
740.0,2022-08-12 09:00:00,NFO,29-SEP-2022,769.0,740.0,760.95,73200,Options,Call,NIFTY,17200.0,3000
767.35,2022-08-12 09:30:00,NFO,29-SEP-2022,771.0,732.05,732.05,73400,Options,Call,NIFTY,17200.0,1500
779.4,2022-08-12 10:00:00,NFO,29-SEP-2022,787.0,771.85,775.0,73950,Options,Call,NIFTY,17200.0,1900
778.15,2022-08-12 10:30:00,NFO,29-SEP-2022,779.2,769.0,779.2,74300,Options,Call,NIFTY,17200.0,600
786.0,2022-08-12 11:30:00,NFO,29-SEP-2022,788.2,786.0,788.2,74200,Options,Call,NIFTY,17200.0,250
774.0,2022-08-12 12:00:00,NFO,29-SEP-2022,790.0,774.0,786.0,73550,Options,Call,NIFTY,17200.0,2200
795.45,2022-08-12 12:30:00,NFO,29-SEP-2022,795.45,785.6,785.6,73100,Options,Call,NIFTY,17200.0,500
800.0,2022-08-12 13:00:00,NFO,29-SEP-2022,805.0,791.45,800.0,73100,Options,Call,NIFTY,17200.0,1350
804.0,2022-08-12 13:30:00,NFO,29-SEP-2022,810.0,796.1,800.95,73350,Options,Call,NIFTY,17200.0,2100
785.2,2022-08-12 14:00:00,NFO,29-SEP-2022,808.0,785.15,804.0,73600,Options,Call,NIFTY,17200.0,2650
770.0,2022-08-12 14:30:00,NFO,29-SEP-2022,786.4,770.0,786.4,73200,Options,Call,NIFTY,17200.0,1950
792.85,2022-08-12 15:00:00,NFO,29-SEP-2022,800.0,787.2,787.2,73350,Options,Call,NIFTY,17200.0,1800
850.0,2022-08-16 09:00:00,NFO,29-SEP-2022,851.0,823.95,823.95,72550,Options,Call,NIFTY,17200.0,1200
875.0,2022-08-16 09:30:00,NFO,29-SEP-2022,880.0,857.0,860.0,72750,Options,Call,NIFTY,17200.0,2750
879.9,2022-08-16 10:00:00,NFO,29-SEP-2022,888.4,871.6,875.0,73700,Options,Call,NIFTY,17200.0,2200
876.0,2022-08-16 10:30:00,NFO,29-SEP-2022,879.9,871.2,879.9,73600,Options,Call,NIFTY,17200.0,2150
873.65,2022-08-16 11:00:00,NFO,29-SEP-2022,887.95,868.2,887.95,73600,Options,Call,NIFTY,17200.0,1350
855.0,2022-08-16 11:30:00,NFO,29-SEP-2022,870.15,855.0,869.35,73600,Options,Call,NIFTY,17200.0,1150
870.0,2022-08-16 12:00:00,NFO,29-SEP-2022,870.0,856.0,856.9,73600,Options,Call,NIFTY,17200.0,350
861.15,2022-08-16 12:30:00,NFO,29-SEP-2022,869.85,852.0,865.0,73750,Options,Call,NIFTY,17200.0,5850
839.3,2022-08-16 13:00:00,NFO,29-SEP-2022,863.8,839.3,863.8,72750,Options,Call,NIFTY,17200.0,750
852.0,2022-08-16 13:30:00,NFO,29-SEP-2022,858.15,843.15,843.15,73050,Options,Call,NIFTY,17200.0,700
865.0,2022-08-16 14:00:00,NFO,29-SEP-2022,871.3,856.8,859.0,72300,Options,Call,NIFTY,17200.0,2450
846.75,2022-08-16 14:30:00,NFO,29-SEP-2022,873.7,846.75,873.7,70550,Options,Call,NIFTY,17200.0,2200
880.0,2022-08-16 15:00:00,NFO,29-SEP-2022,880.0,868.75,869.85,69800,Options,Call,NIFTY,17200.0,3600
905.0,2022-08-17 09:00:00,NFO,29-SEP-2022,905.0,890.0,894.6,68900,Options,Call,NIFTY,17200.0,1600
902.65,2022-08-17 09:30:00,NFO,29-SEP-2022,923.85,895.0,900.0,68500,Options,Call,NIFTY,17200.0,1800
921.8,2022-08-17 10:00:00,NFO,29-SEP-2022,924.2,917.5,917.6,68250,Options,Call,NIFTY,17200.0,600
934.15,2022-08-17 10:30:00,NFO,29-SEP-2022,935.05,929.7,929.7,68250,Options,Call,NIFTY,17200.0,700
943.25,2022-08-17 11:00:00,NFO,29-SEP-2022,947.5,940.3,945.1,68450,Options,Call,NIFTY,17200.0,1050
937.0,2022-08-17 11:30:00,NFO,29-SEP-2022,950.0,937.0,950.0,68400,Options,Call,NIFTY,17200.0,700
949.35,2022-08-17 12:00:00,NFO,29-SEP-2022,949.35,941.95,946.0,68250,Options,Call,NIFTY,17200.0,850
950.0,2022-08-17 12:30:00,NFO,29-SEP-2022,957.5,945.65,948.65,68050,Options,Call,NIFTY,17200.0,1750
954.0,2022-08-17 13:00:00,NFO,29-SEP-2022,954.0,954.0,954.0,68050,Options,Call,NIFTY,17200.0,100
947.25,2022-08-17 13:30:00,NFO,29-SEP-2022,950.25,942.05,947.1,68000,Options,Call,NIFTY,17200.0,600
963.0,2022-08-17 14:00:00,NFO,29-SEP-2022,963.0,942.3,949.85,68000,Options,Call,NIFTY,17200.0,900
965.0,2022-08-17 14:30:00,NFO,29-SEP-2022,973.5,955.95,955.95,68100,Options,Call,NIFTY,17200.0,2800
962.0,2022-08-17 15:00:00,NFO,29-SEP-2022,985.0,962.0,980.0,67800,Options,Call,NIFTY,17200.0,1600
910.0,2022-08-18 09:00:00,NFO,29-SEP-2022,940.75,910.0,940.75,67200,Options,Call,NIFTY,17200.0,1800
954.0,2022-08-18 09:30:00,NFO,29-SEP-2022,954.0,918.0,918.0,66850,Options,Call,NIFTY,17200.0,700
925.0,2022-08-18 10:00:00,NFO,29-SEP-2022,968.6,925.0,963.0,66550,Options,Call,NIFTY,17200.0,1050
940.0,2022-08-18 10:30:00,NFO,29-SEP-2022,940.0,924.0,925.0,65850,Options,Call,NIFTY,17200.0,850
912.0,2022-08-18 11:00:00,NFO,29-SEP-2022,933.5,910.0,929.95,66050,Options,Call,NIFTY,17200.0,300
908.65,2022-08-18 11:30:00,NFO,29-SEP-2022,915.55,899.95,900.0,66200,Options,Call,NIFTY,17200.0,900
908.0,2022-08-18 12:00:00,NFO,29-SEP-2022,912.7,894.0,898.0,66200,Options,Call,NIFTY,17200.0,350
918.1,2022-08-18 12:30:00,NFO,29-SEP-2022,925.75,913.25,916.7,65800,Options,Call,NIFTY,17200.0,1950
931.65,2022-08-18 13:00:00,NFO,29-SEP-2022,931.65,926.2,926.4,65800,Options,Call,NIFTY,17200.0,250
943.7,2022-08-18 14:00:00,NFO,29-SEP-2022,945.0,925.5,925.5,66450,Options,Call,NIFTY,17200.0,900
964.0,2022-08-18 14:30:00,NFO,29-SEP-2022,967.3,941.9,941.9,66450,Options,Call,NIFTY,17200.0,950
987.6,2022-08-18 15:00:00,NFO,29-SEP-2022,987.65,972.9,979.15,66350,Options,Call,NIFTY,17200.0,1000
964.0,2022-08-19 09:00:00,NFO,29-SEP-2022,964.65,964.0,964.65,65850,Options,Call,NIFTY,17200.0,300
952.8,2022-08-19 09:30:00,NFO,29-SEP-2022,969.0,949.75,956.6,65250,Options,Call,NIFTY,17200.0,1400
943.95,2022-08-19 10:30:00,NFO,29-SEP-2022,959.55,943.95,957.0,64850,Options,Call,NIFTY,17200.0,250
868.05,2022-08-19 11:00:00,NFO,29-SEP-2022,926.0,868.05,926.0,64450,Options,Call,NIFTY,17200.0,1500
855.0,2022-08-19 11:30:00,NFO,29-SEP-2022,867.0,840.0,860.0,65300,Options,Call,NIFTY,17200.0,3000
807.7,2022-08-19 12:00:00,NFO,29-SEP-2022,848.5,807.7,837.0,64950,Options,Call,NIFTY,17200.0,1600
831.2,2022-08-19 12:30:00,NFO,29-SEP-2022,840.0,802.45,804.0,66150,Options,Call,NIFTY,17200.0,1000
850.0,2022-08-19 13:00:00,NFO,29-SEP-2022,850.2,836.45,836.45,66650,Options,Call,NIFTY,17200.0,750
794.8,2022-08-19 13:30:00,NFO,29-SEP-2022,831.8,790.7,831.8,66550,Options,Call,NIFTY,17200.0,1150
844.65,2022-08-19 14:00:00,NFO,29-SEP-2022,845.0,789.0,795.3,67950,Options,Call,NIFTY,17200.0,2350
833.5,2022-08-19 14:30:00,NFO,29-SEP-2022,850.7,820.95,845.0,69850,Options,Call,NIFTY,17200.0,3200
802.2,2022-08-19 15:00:00,NFO,29-SEP-2022,844.3,801.05,844.2,71150,Options,Call,NIFTY,17200.0,2300
716.15,2022-08-22 09:00:00,NFO,29-SEP-2022,747.95,716.15,742.4,74650,Options,Call,NIFTY,17200.0,6800
708.0,2022-08-22 09:30:00,NFO,29-SEP-2022,722.0,693.6,713.0,77050,Options,Call,NIFTY,17200.0,7850
679.4,2022-08-22 10:00:00,NFO,29-SEP-2022,708.95,673.4,708.95,76800,Options,Call,NIFTY,17200.0,3350
673.75,2022-08-22 10:30:00,NFO,29-SEP-2022,683.95,670.65,680.95,77200,Options,Call,NIFTY,17200.0,1100
675.0,2022-08-22 11:00:00,NFO,29-SEP-2022,679.95,665.95,675.95,77150,Options,Call,NIFTY,17200.0,1650
670.95,2022-08-22 11:30:00,NFO,29-SEP-2022,676.15,667.0,672.8,77300,Options,Call,NIFTY,17200.0,2550
678.0,2022-08-22 12:00:00,NFO,29-SEP-2022,679.0,670.25,671.95,78200,Options,Call,NIFTY,17200.0,2700
638.35,2022-08-22 12:30:00,NFO,29-SEP-2022,683.0,638.35,680.0,78300,Options,Call,NIFTY,17200.0,4500
651.0,2022-08-22 13:00:00,NFO,29-SEP-2022,655.25,640.0,641.3,79700,Options,Call,NIFTY,17200.0,4200
633.45,2022-08-22 13:30:00,NFO,29-SEP-2022,641.95,627.05,635.65,82200,Options,Call,NIFTY,17200.0,10350
648.35,2022-08-22 14:00:00,NFO,29-SEP-2022,650.6,629.3,633.45,83100,Options,Call,NIFTY,17200.0,7150
624.15,2022-08-22 14:30:00,NFO,29-SEP-2022,648.95,613.15,648.95,84350,Options,Call,NIFTY,17200.0,3600
615.65,2022-08-22 15:00:00,NFO,29-SEP-2022,624.7,600.0,624.7,87200,Options,Call,NIFTY,17200.0,7350
591.0,2022-08-23 09:00:00,NFO,29-SEP-2022,596.25,537.1,546.95,88200,Options,Call,NIFTY,17200.0,13900
668.0,2022-08-23 09:30:00,NFO,29-SEP-2022,670.05,605.0,614.0,92850,Options,Call,NIFTY,17200.0,19000
619.0,2022-08-23 10:00:00,NFO,29-SEP-2022,673.95,610.95,672.15,93100,Options,Call,NIFTY,17200.0,4950
573.95,2022-08-23 10:30:00,NFO,29-SEP-2022,617.0,558.4,617.0,94750,Options,Call,NIFTY,17200.0,3600
583.95,2022-08-23 11:00:00,NFO,29-SEP-2022,597.0,549.45,580.8,102850,Options,Call,NIFTY,17200.0,26550
585.85,2022-08-23 11:30:00,NFO,29-SEP-2022,614.2,573.7,582.0,105150,Options,Call,NIFTY,17200.0,15100
572.9,2022-08-23 12:00:00,NFO,29-SEP-2022,586.85,572.9,584.7,105800,Options,Call,NIFTY,17200.0,8800
629.0,2022-08-23 12:30:00,NFO,29-SEP-2022,632.0,589.65,589.65,113450,Options,Call,NIFTY,17200.0,15450
653.95,2022-08-23 13:00:00,NFO,29-SEP-2022,659.1,620.7,629.0,115300,Options,Call,NIFTY,17200.0,6150
658.0,2022-08-23 13:30:00,NFO,29-SEP-2022,661.0,640.8,651.0,116900,Options,Call,NIFTY,17200.0,4500
672.2,2022-08-23 14:00:00,NFO,29-SEP-2022,680.55,645.3,645.3,117600,Options,Call,NIFTY,17200.0,4300
647.0,2022-08-23 14:30:00,NFO,29-SEP-2022,670.25,643.05,659.75,118300,Options,Call,NIFTY,17200.0,2450
703.9,2022-08-23 15:00:00,NFO,29-SEP-2022,703.9,627.0,627.0,120250,Options,Call,NIFTY,17200.0,6450
657.35,2022-08-24 09:00:00,NFO,29-SEP-2022,672.0,632.0,632.0,119800,Options,Call,NIFTY,17200.0,2450
617.4,2022-08-24 09:30:00,NFO,29-SEP-2022,655.15,609.9,650.05,122850,Options,Call,NIFTY,17200.0,7900
665.1,2022-08-24 10:00:00,NFO,29-SEP-2022,671.0,638.85,638.85,123950,Options,Call,NIFTY,17200.0,2350
667.25,2022-08-24 10:30:00,NFO,29-SEP-2022,673.95,654.25,660.9,126700,Options,Call,NIFTY,17200.0,4400
675.0,2022-08-24 11:00:00,NFO,29-SEP-2022,689.1,666.85,666.85,126700,Options,Call,NIFTY,17200.0,750
646.35,2022-08-24 11:30:00,NFO,29-SEP-2022,685.3,646.35,669.0,127550,Options,Call,NIFTY,17200.0,2550
660.75,2022-08-24 12:00:00,NFO,29-SEP-2022,661.6,642.0,646.0,129700,Options,Call,NIFTY,17200.0,4950
625.0,2022-08-24 12:30:00,NFO,29-SEP-2022,668.0,625.0,665.95,132600,Options,Call,NIFTY,17200.0,6450
623.95,2022-08-24 13:00:00,NFO,29-SEP-2022,634.6,616.95,622.0,132300,Options,Call,NIFTY,17200.0,2600
653.35,2022-08-24 13:30:00,NFO,29-SEP-2022,656.0,623.3,624.1,134250,Options,Call,NIFTY,17200.0,5550
647.05,2022-08-24 14:00:00,NFO,29-SEP-2022,662.0,645.0,659.2,134100,Options,Call,NIFTY,17200.0,2300
657.0,2022-08-24 14:30:00,NFO,29-SEP-2022,667.6,645.0,656.0,133600,Options,Call,NIFTY,17200.0,3950
673.4,2022-08-24 15:00:00,NFO,29-SEP-2022,687.0,656.05,656.05,133250,Options,Call,NIFTY,17200.0,4450
735.0,2022-08-25 09:00:00,NFO,29-SEP-2022,735.0,707.0,715.0,132600,Options,Call,NIFTY,17200.0,2250
742.0,2022-08-25 09:30:00,NFO,29-SEP-2022,743.0,733.55,734.0,131900,Options,Call,NIFTY,17200.0,3100
727.95,2022-08-25 10:00:00,NFO,29-SEP-2022,750.0,725.0,744.0,131650,Options,Call,NIFTY,17200.0,5850
734.0,2022-08-25 10:30:00,NFO,29-SEP-2022,736.0,723.35,727.9,131650,Options,Call,NIFTY,17200.0,2000
700.8,2022-08-25 11:00:00,NFO,29-SEP-2022,735.15,695.0,734.8,132300,Options,Call,NIFTY,17200.0,4750
729.55,2022-08-25 11:30:00,NFO,29-SEP-2022,732.05,694.75,698.0,133400,Options,Call,NIFTY,17200.0,1600
735.9,2022-08-25 12:00:00,NFO,29-SEP-2022,745.2,727.9,732.0,134100,Options,Call,NIFTY,17200.0,4200
761.95,2022-08-25 12:30:00,NFO,29-SEP-2022,761.95,730.0,732.05,135400,Options,Call,NIFTY,17200.0,3950
738.85,2022-08-25 13:00:00,NFO,29-SEP-2022,758.0,732.95,758.0,135750,Options,Call,NIFTY,17200.0,6400
730.3,2022-08-25 13:30:00,NFO,29-SEP-2022,742.45,730.05,742.1,138950,Options,Call,NIFTY,17200.0,2800
712.0,2022-08-25 14:00:00,NFO,29-SEP-2022,734.65,710.0,728.0,138950,Options,Call,NIFTY,17200.0,2750
640.55,2022-08-25 14:30:00,NFO,29-SEP-2022,717.8,632.0,717.7,140550,Options,Call,NIFTY,17200.0,8700
588.2,2022-08-25 15:00:00,NFO,29-SEP-2022,636.15,569.0,633.85,144300,Options,Call,NIFTY,17200.0,26600
696.0,2022-08-26 09:00:00,NFO,29-SEP-2022,709.95,648.95,648.95,143100,Options,Call,NIFTY,17200.0,5050
702.6,2022-08-26 09:30:00,NFO,29-SEP-2022,703.75,676.15,694.05,143100,Options,Call,NIFTY,17200.0,1700
669.2,2022-08-26 10:00:00,NFO,29-SEP-2022,690.9,664.0,680.2,141650,Options,Call,NIFTY,17200.0,6650
648.75,2022-08-26 10:30:00,NFO,29-SEP-2022,673.45,645.2,673.45,140600,Options,Call,NIFTY,17200.0,1800
661.45,2022-08-26 11:00:00,NFO,29-SEP-2022,663.7,644.0,654.0,139900,Options,Call,NIFTY,17200.0,2650
656.25,2022-08-26 11:30:00,NFO,29-SEP-2022,668.4,651.95,659.0,140200,Options,Call,NIFTY,17200.0,2850
670.85,2022-08-26 12:00:00,NFO,29-SEP-2022,677.0,648.5,660.2,140100,Options,Call,NIFTY,17200.0,2750
662.95,2022-08-26 12:30:00,NFO,29-SEP-2022,678.65,662.95,668.75,139450,Options,Call,NIFTY,17200.0,500
640.45,2022-08-26 13:00:00,NFO,29-SEP-2022,664.5,627.75,664.5,139100,Options,Call,NIFTY,17200.0,2800
639.9,2022-08-26 13:30:00,NFO,29-SEP-2022,639.9,627.3,635.75,139100,Options,Call,NIFTY,17200.0,700
642.45,2022-08-26 14:00:00,NFO,29-SEP-2022,658.55,638.05,647.55,138800,Options,Call,NIFTY,17200.0,2300
636.75,2022-08-26 14:30:00,NFO,29-SEP-2022,649.25,634.45,649.25,138750,Options,Call,NIFTY,17200.0,1100
637.95,2022-08-26 15:00:00,NFO,29-SEP-2022,658.0,593.95,636.75,138900,Options,Call,NIFTY,17200.0,6900
416.95,2022-08-29 09:00:00,NFO,29-SEP-2022,446.6,381.75,401.05,279800,Options,Call,NIFTY,17200.0,393600
448.95,2022-08-29 09:30:00,NFO,29-SEP-2022,448.95,411.0,415.8,389000,Options,Call,NIFTY,17200.0,353250
450.65,2022-08-29 10:00:00,NFO,29-SEP-2022,460.7,440.3,446.8,384500,Options,Call,NIFTY,17200.0,100950
441.3,2022-08-29 10:30:00,NFO,29-SEP-2022,455.7,439.15,449.95,376800,Options,Call,NIFTY,17200.0,83200
441.05,2022-08-29 11:00:00,NFO,29-SEP-2022,459.95,422.9,442.0,384500,Options,Call,NIFTY,17200.0,82900
450.9,2022-08-29 11:30:00,NFO,29-SEP-2022,464.0,442.2,442.25,382250,Options,Call,NIFTY,17200.0,41250
469.95,2022-08-29 12:00:00,NFO,29-SEP-2022,474.45,450.0,455.35,373400,Options,Call,NIFTY,17200.0,37000
451.3,2022-08-29 12:30:00,NFO,29-SEP-2022,488.25,441.35,470.35,353500,Options,Call,NIFTY,17200.0,145800
455.85,2022-08-29 13:00:00,NFO,29-SEP-2022,463.45,447.35,450.4,354400,Options,Call,NIFTY,17200.0,23400
470.6,2022-08-29 13:30:00,NFO,29-SEP-2022,484.45,448.95,454.85,356150,Options,Call,NIFTY,17200.0,36300
448.7,2022-08-29 14:00:00,NFO,29-SEP-2022,478.95,446.85,474.0,353350,Options,Call,NIFTY,17200.0,29350
436.95,2022-08-29 14:30:00,NFO,29-SEP-2022,457.1,428.0,447.0,340650,Options,Call,NIFTY,17200.0,69950
444.0,2022-08-29 15:00:00,NFO,29-SEP-2022,451.95,431.05,439.15,323900,Options,Call,NIFTY,17200.0,107050
510.75,2022-08-30 09:00:00,NFO,29-SEP-2022,525.05,460.0,460.0,311550,Options,Call,NIFTY,17200.0,51000
522.0,2022-08-30 09:30:00,NFO,29-SEP-2022,527.65,507.65,511.7,307300,Options,Call,NIFTY,17200.0,17550
525.9,2022-08-30 10:00:00,NFO,29-SEP-2022,531.0,521.2,523.25,305050,Options,Call,NIFTY,17200.0,16000
560.9,2022-08-30 10:30:00,NFO,29-SEP-2022,565.4,528.9,528.9,293050,Options,Call,NIFTY,17200.0,75000
575.5,2022-08-30 11:00:00,NFO,29-SEP-2022,576.1,558.8,560.9,287750,Options,Call,NIFTY,17200.0,11600
584.85,2022-08-30 11:30:00,NFO,29-SEP-2022,586.5,569.0,581.15,291900,Options,Call,NIFTY,17200.0,18750
618.1,2022-08-30 12:00:00,NFO,29-SEP-2022,625.95,582.35,587.55,296050,Options,Call,NIFTY,17200.0,13750
642.7,2022-08-30 12:30:00,NFO,29-SEP-2022,653.35,613.2,617.0,290550,Options,Call,NIFTY,17200.0,17750
656.1,2022-08-30 13:00:00,NFO,29-SEP-2022,667.0,646.5,646.5,284850,Options,Call,NIFTY,17200.0,14150
678.2,2022-08-30 13:30:00,NFO,29-SEP-2022,691.2,659.75,659.75,282400,Options,Call,NIFTY,17200.0,15500
695.25,2022-08-30 14:00:00,NFO,29-SEP-2022,701.35,665.7,680.0,278250,Options,Call,NIFTY,17200.0,12750
710.35,2022-08-30 14:30:00,NFO,29-SEP-2022,719.05,686.85,696.15,263450,Options,Call,NIFTY,17200.0,25350
744.8,2022-08-30 15:00:00,NFO,29-SEP-2022,766.05,712.3,712.3,234700,Options,Call,NIFTY,17200.0,56650
579.7,2022-09-01 09:00:00,NFO,29-SEP-2022,596.0,550.3,556.25,238450,Options,Call,NIFTY,17200.0,25650
629.7,2022-09-01 09:30:00,NFO,29-SEP-2022,657.65,578.0,583.0,287200,Options,Call,NIFTY,17200.0,76200
680.15,2022-09-01 10:00:00,NFO,29-SEP-2022,682.5,628.2,629.75,335750,Options,Call,NIFTY,17200.0,81100
658.4,2022-09-01 10:30:00,NFO,29-SEP-2022,680.55,634.65,680.55,333450,Options,Call,NIFTY,17200.0,6450
660.2,2022-09-01 11:00:00,NFO,29-SEP-2022,665.0,634.45,647.5,332700,Options,Call,NIFTY,17200.0,2300
617.75,2022-09-01 11:30:00,NFO,29-SEP-2022,664.6,602.8,656.2,329550,Options,Call,NIFTY,17200.0,19400
621.25,2022-09-01 12:00:00,NFO,29-SEP-2022,634.0,615.0,615.0,331750,Options,Call,NIFTY,17200.0,10350
594.0,2022-09-01 12:30:00,NFO,29-SEP-2022,633.85,594.0,611.25,325400,Options,Call,NIFTY,17200.0,12550
588.65,2022-09-01 13:00:00,NFO,29-SEP-2022,599.1,570.4,589.35,317350,Options,Call,NIFTY,17200.0,14250
530.95,2022-09-01 13:30:00,NFO,29-SEP-2022,596.1,527.05,590.65,291250,Options,Call,NIFTY,17200.0,43900
563.25,2022-09-01 14:00:00,NFO,29-SEP-2022,571.0,529.2,530.45,269500,Options,Call,NIFTY,17200.0,82600
569.0,2022-09-01 14:30:00,NFO,29-SEP-2022,587.45,551.05,568.0,270650,Options,Call,NIFTY,17200.0,10950
597.4,2022-09-01 15:00:00,NFO,29-SEP-2022,598.5,547.0,564.3,275150,Options,Call,NIFTY,17200.0,26750
574.2,2022-09-02 09:00:00,NFO,29-SEP-2022,624.95,574.2,599.0,277950,Options,Call,NIFTY,17200.0,9250
535.0,2022-09-02 09:30:00,NFO,29-SEP-2022,579.45,530.05,575.45,277050,Options,Call,NIFTY,17200.0,8750
556.95,2022-09-02 10:00:00,NFO,29-SEP-2022,556.95,518.0,535.55,281000,Options,Call,NIFTY,17200.0,17450
542.25,2022-09-02 10:30:00,NFO,29-SEP-2022,567.35,539.05,561.75,279000,Options,Call,NIFTY,17200.0,8100
554.05,2022-09-02 11:00:00,NFO,29-SEP-2022,559.0,533.9,543.5,278800,Options,Call,NIFTY,17200.0,2950
564.4,2022-09-02 11:30:00,NFO,29-SEP-2022,570.15,544.35,555.7,274250,Options,Call,NIFTY,17200.0,10250
578.2,2022-09-02 12:00:00,NFO,29-SEP-2022,581.8,564.05,564.05,274450,Options,Call,NIFTY,17200.0,6450
584.95,2022-09-02 12:30:00,NFO,29-SEP-2022,591.15,568.95,575.0,273350,Options,Call,NIFTY,17200.0,1950
590.0,2022-09-02 13:00:00,NFO,29-SEP-2022,600.0,575.05,589.1,270400,Options,Call,NIFTY,17200.0,8800
586.8,2022-09-02 13:30:00,NFO,29-SEP-2022,597.95,579.7,593.6,269550,Options,Call,NIFTY,17200.0,2300
605.95,2022-09-02 14:00:00,NFO,29-SEP-2022,613.8,597.75,600.0,269250,Options,Call,NIFTY,17200.0,4000
560.3,2022-09-02 14:30:00,NFO,29-SEP-2022,603.2,551.75,603.2,266650,Options,Call,NIFTY,17200.0,13300
559.6,2022-09-02 15:00:00,NFO,29-SEP-2022,569.95,542.5,556.45,265350,Options,Call,NIFTY,17200.0,13650
583.4,2022-09-05 09:00:00,NFO,29-SEP-2022,603.0,552.0,555.0,264500,Options,Call,NIFTY,17200.0,8450
635.0,2022-09-05 09:30:00,NFO,29-SEP-2022,640.0,593.65,593.65,263850,Options,Call,NIFTY,17200.0,7150
642.4,2022-09-05 10:00:00,NFO,29-SEP-2022,648.0,629.6,634.0,263650,Options,Call,NIFTY,17200.0,4700
624.1,2022-09-05 10:30:00,NFO,29-SEP-2022,641.2,623.1,638.75,263650,Options,Call,NIFTY,17200.0,1650
624.0,2022-09-05 11:00:00,NFO,29-SEP-2022,630.05,617.5,623.95,263950,Options,Call,NIFTY,17200.0,1800
637.95,2022-09-05 11:30:00,NFO,29-SEP-2022,640.6,622.8,622.8,263650,Options,Call,NIFTY,17200.0,600
659.5,2022-09-05 12:00:00,NFO,29-SEP-2022,667.15,637.65,642.15,263050,Options,Call,NIFTY,17200.0,2600
651.0,2022-09-05 12:30:00,NFO,29-SEP-2022,669.95,647.7,664.2,262950,Options,Call,NIFTY,17200.0,2100
642.75,2022-09-05 13:00:00,NFO,29-SEP-2022,663.15,632.4,652.75,261950,Options,Call,NIFTY,17200.0,3150
647.1,2022-09-05 13:30:00,NFO,29-SEP-2022,650.0,623.65,647.7,261000,Options,Call,NIFTY,17200.0,2450
658.0,2022-09-05 14:00:00,NFO,29-SEP-2022,658.0,646.05,648.0,260400,Options,Call,NIFTY,17200.0,4300
647.2,2022-09-05 14:30:00,NFO,29-SEP-2022,666.85,645.2,666.0,259650,Options,Call,NIFTY,17200.0,3200
653.65,2022-09-05 15:00:00,NFO,29-SEP-2022,666.55,647.6,647.6,259350,Options,Call,NIFTY,17200.0,5500
690.0,2022-09-06 09:00:00,NFO,29-SEP-2022,710.0,675.0,675.0,258800,Options,Call,NIFTY,17200.0,3150
637.7,2022-09-06 09:30:00,NFO,29-SEP-2022,683.35,623.9,683.35,259950,Options,Call,NIFTY,17200.0,6300
579.0,2022-09-06 10:00:00,NFO,29-SEP-2022,637.6,575.0,637.6,260100,Options,Call,NIFTY,17200.0,4200
608.95,2022-09-06 10:30:00,NFO,29-SEP-2022,608.95,573.75,580.0,260000,Options,Call,NIFTY,17200.0,4250
622.3,2022-09-06 11:00:00,NFO,29-SEP-2022,641.15,605.0,606.5,256650,Options,Call,NIFTY,17200.0,7900
650.0,2022-09-06 11:30:00,NFO,29-SEP-2022,650.0,613.7,623.05,256050,Options,Call,NIFTY,17200.0,1550
658.6,2022-09-06 12:00:00,NFO,29-SEP-2022,662.95,648.35,652.95,255300,Options,Call,NIFTY,17200.0,2650
673.25,2022-09-06 12:30:00,NFO,29-SEP-2022,680.05,655.35,655.35,251050,Options,Call,NIFTY,17200.0,9050
665.5,2022-09-06 13:00:00,NFO,29-SEP-2022,674.65,650.55,672.9,246300,Options,Call,NIFTY,17200.0,7800
659.1,2022-09-06 13:30:00,NFO,29-SEP-2022,675.7,637.1,665.6,242850,Options,Call,NIFTY,17200.0,7900
666.1,2022-09-06 14:00:00,NFO,29-SEP-2022,666.1,648.45,650.5,242250,Options,Call,NIFTY,17200.0,3500
624.85,2022-09-06 14:30:00,NFO,29-SEP-2022,665.6,609.95,665.45,237800,Options,Call,NIFTY,17200.0,13100
624.9,2022-09-06 15:00:00,NFO,29-SEP-2022,645.1,621.15,623.75,237800,Options,Call,NIFTY,17200.0,10350
558.0,2022-09-07 09:00:00,NFO,29-SEP-2022,569.0,517.1,525.0,242550,Options,Call,NIFTY,17200.0,18650
555.45,2022-09-07 09:30:00,NFO,29-SEP-2022,570.9,540.0,552.95,242200,Options,Call,NIFTY,17200.0,8850
562.35,2022-09-07 10:00:00,NFO,29-SEP-2022,570.0,555.0,557.0,243250,Options,Call,NIFTY,17200.0,2100
540.0,2022-09-07 10:30:00,NFO,29-SEP-2022,563.0,539.0,563.0,244150,Options,Call,NIFTY,17200.0,3550
538.0,2022-09-07 11:00:00,NFO,29-SEP-2022,543.0,527.05,539.05,246650,Options,Call,NIFTY,17200.0,5850
578.65,2022-09-07 11:30:00,NFO,29-SEP-2022,581.8,541.75,543.9,246850,Options,Call,NIFTY,17200.0,6050
589.0,2022-09-07 12:00:00,NFO,29-SEP-2022,602.35,574.25,580.25,246100,Options,Call,NIFTY,17200.0,7800
589.55,2022-09-07 12:30:00,NFO,29-SEP-2022,602.0,573.65,596.0,246650,Options,Call,NIFTY,17200.0,4600
608.3,2022-09-07 13:00:00,NFO,29-SEP-2022,608.3,581.75,586.65,248250,Options,Call,NIFTY,17200.0,3550
607.55,2022-09-07 13:30:00,NFO,29-SEP-2022,617.2,598.25,613.9,248550,Options,Call,NIFTY,17200.0,2700
601.2,2022-09-07 14:00:00,NFO,29-SEP-2022,612.1,597.4,600.75,249050,Options,Call,NIFTY,17200.0,2300
574.8,2022-09-07 14:30:00,NFO,29-SEP-2022,603.0,573.8,603.0,250900,Options,Call,NIFTY,17200.0,7800
597.25,2022-09-07 15:00:00,NFO,29-SEP-2022,604.0,581.9,584.6,250200,Options,Call,NIFTY,17200.0,3800
694.35,2022-09-08 09:00:00,NFO,29-SEP-2022,700.0,660.2,677.0,246450,Options,Call,NIFTY,17200.0,10700
691.95,2022-09-08 09:30:00,NFO,29-SEP-2022,710.0,685.45,696.9,246050,Options,Call,NIFTY,17200.0,8550
695.9,2022-09-08 10:00:00,NFO,29-SEP-2022,704.3,682.85,688.5,248750,Options,Call,NIFTY,17200.0,5450
679.9,2022-09-08 10:30:00,NFO,29-SEP-2022,695.15,664.6,693.75,249200,Options,Call,NIFTY,17200.0,3900
659.1,2022-09-08 11:00:00,NFO,29-SEP-2022,684.9,654.45,680.15,250150,Options,Call,NIFTY,17200.0,1950
676.7,2022-09-08 11:30:00,NFO,29-SEP-2022,680.65,658.9,659.1,250600,Options,Call,NIFTY,17200.0,1250
668.95,2022-09-08 12:00:00,NFO,29-SEP-2022,681.0,661.3,677.8,250300,Options,Call,NIFTY,17200.0,3100
638.85,2022-09-08 12:30:00,NFO,29-SEP-2022,684.45,632.55,667.9,251800,Options,Call,NIFTY,17200.0,2550
660.8,2022-09-08 13:00:00,NFO,29-SEP-2022,660.8,622.25,635.4,252650,Options,Call,NIFTY,17200.0,3100
655.6,2022-09-08 13:30:00,NFO,29-SEP-2022,664.4,645.4,650.75,251850,Options,Call,NIFTY,17200.0,1650
695.0,2022-09-08 14:00:00,NFO,29-SEP-2022,695.95,665.9,666.0,251800,Options,Call,NIFTY,17200.0,4400
718.0,2022-09-08 14:30:00,NFO,29-SEP-2022,720.0,688.9,695.0,245900,Options,Call,NIFTY,17200.0,9200
719.9,2022-09-08 15:00:00,NFO,29-SEP-2022,722.4,704.0,718.0,242300,Options,Call,NIFTY,17200.0,9100
780.15,2022-09-09 09:00:00,NFO,29-SEP-2022,810.8,772.5,805.7,238200,Options,Call,NIFTY,17200.0,7850
787.45,2022-09-09 09:30:00,NFO,29-SEP-2022,790.25,766.0,780.55,238250,Options,Call,NIFTY,17200.0,3450
795.15,2022-09-09 10:00:00,NFO,29-SEP-2022,804.0,783.5,783.5,237350,Options,Call,NIFTY,17200.0,6850
793.0,2022-09-09 10:30:00,NFO,29-SEP-2022,806.5,785.85,801.0,235600,Options,Call,NIFTY,17200.0,1800
773.0,2022-09-09 11:00:00,NFO,29-SEP-2022,794.4,764.95,794.4,234250,Options,Call,NIFTY,17200.0,3300
752.0,2022-09-09 11:30:00,NFO,29-SEP-2022,775.0,750.65,775.0,233400,Options,Call,NIFTY,17200.0,4400
727.9,2022-09-09 12:00:00,NFO,29-SEP-2022,746.7,717.6,744.85,231800,Options,Call,NIFTY,17200.0,9500
745.6,2022-09-09 12:30:00,NFO,29-SEP-2022,752.0,724.25,724.25,232100,Options,Call,NIFTY,17200.0,2550
717.25,2022-09-09 13:00:00,NFO,29-SEP-2022,739.05,693.65,739.05,231400,Options,Call,NIFTY,17200.0,4850
745.0,2022-09-09 13:30:00,NFO,29-SEP-2022,746.1,717.25,728.0,229350,Options,Call,NIFTY,17200.0,2900
755.0,2022-09-09 14:00:00,NFO,29-SEP-2022,756.7,736.9,743.05,229250,Options,Call,NIFTY,17200.0,4300
752.5,2022-09-09 14:30:00,NFO,29-SEP-2022,765.0,734.7,744.15,228000,Options,Call,NIFTY,17200.0,4050
732.0,2022-09-09 15:00:00,NFO,29-SEP-2022,758.25,721.95,758.25,226700,Options,Call,NIFTY,17200.0,4650
778.8,2022-09-12 09:00:00,NFO,29-SEP-2022,784.0,760.0,760.0,225000,Options,Call,NIFTY,17200.0,2150
819.0,2022-09-12 09:30:00,NFO,29-SEP-2022,820.05,769.15,780.2,223000,Options,Call,NIFTY,17200.0,4450
828.0,2022-09-12 10:00:00,NFO,29-SEP-2022,843.25,818.5,818.5,222200,Options,Call,NIFTY,17200.0,1700
817.6,2022-09-12 10:30:00,NFO,29-SEP-2022,828.3,816.6,824.35,221600,Options,Call,NIFTY,17200.0,900
838.15,2022-09-12 11:00:00,NFO,29-SEP-2022,838.15,825.0,825.0,222300,Options,Call,NIFTY,17200.0,2050
845.35,2022-09-12 11:30:00,NFO,29-SEP-2022,845.35,829.0,836.5,221100,Options,Call,NIFTY,17200.0,1350
835.0,2022-09-12 12:00:00,NFO,29-SEP-2022,848.7,835.0,840.0,220600,Options,Call,NIFTY,17200.0,850
839.85,2022-09-12 12:30:00,NFO,29-SEP-2022,844.05,835.0,838.8,220400,Options,Call,NIFTY,17200.0,300
833.25,2022-09-12 13:00:00,NFO,29-SEP-2022,836.0,828.3,835.0,218800,Options,Call,NIFTY,17200.0,3550
827.9,2022-09-12 13:30:00,NFO,29-SEP-2022,829.95,827.9,829.95,217500,Options,Call,NIFTY,17200.0,150
839.3,2022-09-12 14:00:00,NFO,29-SEP-2022,865.25,839.3,847.85,216800,Options,Call,NIFTY,17200.0,2750
840.0,2022-09-12 14:30:00,NFO,29-SEP-2022,840.05,830.0,833.2,215600,Options,Call,NIFTY,17200.0,800
807.3,2022-09-12 15:00:00,NFO,29-SEP-2022,835.1,807.3,835.1,214550,Options,Call,NIFTY,17200.0,7750
904.0,2022-09-13 09:00:00,NFO,29-SEP-2022,905.9,878.5,888.65,212950,Options,Call,NIFTY,17200.0,7400
921.0,2022-09-13 09:30:00,NFO,29-SEP-2022,924.5,904.35,904.6,207800,Options,Call,NIFTY,17200.0,5350
910.0,2022-09-13 10:00:00,NFO,29-SEP-2022,934.75,907.4,922.5,204300,Options,Call,NIFTY,17200.0,4550
915.7,2022-09-13 10:30:00,NFO,29-SEP-2022,921.3,898.0,903.8,203500,Options,Call,NIFTY,17200.0,1650
923.15,2022-09-13 11:00:00,NFO,29-SEP-2022,930.55,917.2,919.35,202850,Options,Call,NIFTY,17200.0,1850
947.95,2022-09-13 11:30:00,NFO,29-SEP-2022,947.95,918.75,918.85,201850,Options,Call,NIFTY,17200.0,1100
946.85,2022-09-13 12:00:00,NFO,29-SEP-2022,956.2,938.65,938.65,200650,Options,Call,NIFTY,17200.0,2300
940.0,2022-09-13 12:30:00,NFO,29-SEP-2022,950.0,935.9,950.0,200050,Options,Call,NIFTY,17200.0,250
942.35,2022-09-13 13:00:00,NFO,29-SEP-2022,955.7,935.6,946.0,197900,Options,Call,NIFTY,17200.0,2500
950.7,2022-09-13 13:30:00,NFO,29-SEP-2022,953.45,941.15,942.0,197650,Options,Call,NIFTY,17200.0,800
938.0,2022-09-13 14:00:00,NFO,29-SEP-2022,950.0,924.6,944.9,195150,Options,Call,NIFTY,17200.0,3600
935.05,2022-09-13 14:30:00,NFO,29-SEP-2022,943.5,929.15,936.45,194500,Options,Call,NIFTY,17200.0,1900
938.0,2022-09-13 15:00:00,NFO,29-SEP-2022,943.5,934.05,937.0,194150,Options,Call,NIFTY,17200.0,1650
782.4,2022-09-14 09:00:00,NFO,29-SEP-2022,789.75,720.0,720.0,192200,Options,Call,NIFTY,17200.0,5750
768.55,2022-09-14 09:30:00,NFO,29-SEP-2022,805.0,765.0,778.65,192100,Options,Call,NIFTY,17200.0,3150
773.0,2022-09-14 10:00:00,NFO,29-SEP-2022,784.95,770.75,776.25,193200,Options,Call,NIFTY,17200.0,3300
793.65,2022-09-14 10:30:00,NFO,29-SEP-2022,793.65,784.2,786.55,193000,Options,Call,NIFTY,17200.0,300
814.45,2022-09-14 11:00:00,NFO,29-SEP-2022,824.4,798.35,802.0,191950,Options,Call,NIFTY,17200.0,3150
831.85,2022-09-14 11:30:00,NFO,29-SEP-2022,831.85,811.2,811.2,191950,Options,Call,NIFTY,17200.0,650
885.8,2022-09-14 12:00:00,NFO,29-SEP-2022,893.9,850.0,850.0,190500,Options,Call,NIFTY,17200.0,5000
878.8,2022-09-14 12:30:00,NFO,29-SEP-2022,910.9,878.8,885.45,189450,Options,Call,NIFTY,17200.0,1500
906.15,2022-09-14 13:00:00,NFO,29-SEP-2022,919.35,879.0,879.0,187800,Options,Call,NIFTY,17200.0,2650
876.25,2022-09-14 13:30:00,NFO,29-SEP-2022,919.35,871.0,919.35,187000,Options,Call,NIFTY,17200.0,1050
934.0,2022-09-14 14:00:00,NFO,29-SEP-2022,934.0,910.0,910.0,186900,Options,Call,NIFTY,17200.0,350
923.35,2022-09-14 14:30:00,NFO,29-SEP-2022,936.05,923.2,936.05,186500,Options,Call,NIFTY,17200.0,3750
857.2,2022-09-14 15:00:00,NFO,29-SEP-2022,910.0,843.15,910.0,183350,Options,Call,NIFTY,17200.0,6750
915.1,2022-09-15 09:00:00,NFO,29-SEP-2022,924.3,911.55,913.15,182550,Options,Call,NIFTY,17200.0,2550
825.55,2022-09-15 09:30:00,NFO,29-SEP-2022,913.0,825.55,911.5,182350,Options,Call,NIFTY,17200.0,2450
811.0,2022-09-15 10:00:00,NFO,29-SEP-2022,833.75,800.0,818.8,181900,Options,Call,NIFTY,17200.0,2050
780.0,2022-09-15 10:30:00,NFO,29-SEP-2022,814.65,748.1,814.65,179450,Options,Call,NIFTY,17200.0,6100
772.2,2022-09-15 11:00:00,NFO,29-SEP-2022,780.0,742.7,772.05,178750,Options,Call,NIFTY,17200.0,2700
766.05,2022-09-15 11:30:00,NFO,29-SEP-2022,797.0,766.05,795.65,178650,Options,Call,NIFTY,17200.0,350
766.45,2022-09-15 12:00:00,NFO,29-SEP-2022,770.8,752.8,762.4,178350,Options,Call,NIFTY,17200.0,550
792.05,2022-09-15 12:30:00,NFO,29-SEP-2022,792.05,777.0,777.0,178150,Options,Call,NIFTY,17200.0,350
781.0,2022-09-15 13:00:00,NFO,29-SEP-2022,797.85,781.0,789.7,177750,Options,Call,NIFTY,17200.0,950
760.45,2022-09-15 13:30:00,NFO,29-SEP-2022,772.3,740.0,772.3,178150,Options,Call,NIFTY,17200.0,3050
777.7,2022-09-15 14:00:00,NFO,29-SEP-2022,782.75,757.55,759.9,179150,Options,Call,NIFTY,17200.0,4150
773.85,2022-09-15 14:30:00,NFO,29-SEP-2022,807.0,773.85,805.0,178900,Options,Call,NIFTY,17200.0,1600
744.3,2022-09-15 15:00:00,NFO,29-SEP-2022,773.8,729.6,769.1,178750,Options,Call,NIFTY,17200.0,8750
659.6,2022-09-16 09:00:00,NFO,29-SEP-2022,668.95,619.2,660.0,177500,Options,Call,NIFTY,17200.0,5300
570.25,2022-09-16 09:30:00,NFO,29-SEP-2022,643.7,564.5,643.7,197950,Options,Call,NIFTY,17200.0,32600
602.2,2022-09-16 10:00:00,NFO,29-SEP-2022,602.2,552.0,565.0,213500,Options,Call,NIFTY,17200.0,65400
602.15,2022-09-16 10:30:00,NFO,29-SEP-2022,612.1,577.1,602.2,198900,Options,Call,NIFTY,17200.0,33250
572.7,2022-09-16 11:00:00,NFO,29-SEP-2022,601.35,572.7,601.15,201450,Options,Call,NIFTY,17200.0,13950
582.0,2022-09-16 11:30:00,NFO,29-SEP-2022,594.2,570.9,573.0,196250,Options,Call,NIFTY,17200.0,16900
570.15,2022-09-16 12:00:00,NFO,29-SEP-2022,581.4,562.1,581.4,196900,Options,Call,NIFTY,17200.0,15350
562.15,2022-09-16 12:30:00,NFO,29-SEP-2022,585.15,548.05,570.15,195300,Options,Call,NIFTY,17200.0,20550
526.0,2022-09-16 13:00:00,NFO,29-SEP-2022,564.3,505.55,562.65,199450,Options,Call,NIFTY,17200.0,27600
504.4,2022-09-16 13:30:00,NFO,29-SEP-2022,525.0,490.0,520.2,200950,Options,Call,NIFTY,17200.0,26800
506.15,2022-09-16 14:00:00,NFO,29-SEP-2022,506.15,469.25,498.7,202650,Options,Call,NIFTY,17200.0,28450
523.7,2022-09-16 14:30:00,NFO,29-SEP-2022,534.85,504.0,506.85,198000,Options,Call,NIFTY,17200.0,17800
480.0,2022-09-16 15:00:00,NFO,29-SEP-2022,541.1,464.6,523.0,190700,Options,Call,NIFTY,17200.0,47350
433.65,2022-09-19 09:00:00,NFO,29-SEP-2022,500.0,416.85,479.95,192600,Options,Call,NIFTY,17200.0,34250
527.95,2022-09-19 09:30:00,NFO,29-SEP-2022,542.15,434.9,434.9,193350,Options,Call,NIFTY,17200.0,31050
550.4,2022-09-19 10:00:00,NFO,29-SEP-2022,563.7,528.5,528.5,187950,Options,Call,NIFTY,17200.0,21500
556.0,2022-09-19 10:30:00,NFO,29-SEP-2022,570.0,542.05,552.8,187700,Options,Call,NIFTY,17200.0,6300
549.55,2022-09-19 11:00:00,NFO,29-SEP-2022,565.0,541.0,552.65,187500,Options,Call,NIFTY,17200.0,4200
522.15,2022-09-19 11:30:00,NFO,29-SEP-2022,551.4,494.5,544.95,192150,Options,Call,NIFTY,17200.0,18800
542.85,2022-09-19 12:00:00,NFO,29-SEP-2022,549.0,522.95,522.95,189950,Options,Call,NIFTY,17200.0,12000
519.6,2022-09-19 12:30:00,NFO,29-SEP-2022,545.0,515.0,541.4,191650,Options,Call,NIFTY,17200.0,9750
507.9,2022-09-19 13:00:00,NFO,29-SEP-2022,535.0,502.6,524.15,194450,Options,Call,NIFTY,17200.0,15050
550.8,2022-09-19 13:30:00,NFO,29-SEP-2022,554.4,501.6,507.3,194500,Options,Call,NIFTY,17200.0,10200
519.35,2022-09-19 14:00:00,NFO,29-SEP-2022,557.1,514.95,554.6,191550,Options,Call,NIFTY,17200.0,10450
526.95,2022-09-19 14:30:00,NFO,29-SEP-2022,535.7,514.95,514.95,192200,Options,Call,NIFTY,17200.0,14600
531.1,2022-09-19 15:00:00,NFO,29-SEP-2022,535.3,497.0,523.7,193000,Options,Call,NIFTY,17200.0,21250
666.9,2022-09-20 09:00:00,NFO,29-SEP-2022,681.75,616.55,620.0,176400,Options,Call,NIFTY,17200.0,36500
701.0,2022-09-20 09:30:00,NFO,29-SEP-2022,712.5,666.05,666.05,170200,Options,Call,NIFTY,17200.0,10200
709.2,2022-09-20 10:00:00,NFO,29-SEP-2022,719.45,698.0,699.2,167350,Options,Call,NIFTY,17200.0,6650
725.0,2022-09-20 10:30:00,NFO,29-SEP-2022,725.0,709.6,709.9,166950,Options,Call,NIFTY,17200.0,2500
708.45,2022-09-20 11:00:00,NFO,29-SEP-2022,735.05,707.75,726.05,166900,Options,Call,NIFTY,17200.0,1800
715.0,2022-09-20 11:30:00,NFO,29-SEP-2022,726.9,707.0,715.0,166000,Options,Call,NIFTY,17200.0,2500
737.7,2022-09-20 12:00:00,NFO,29-SEP-2022,740.8,723.65,723.65,165750,Options,Call,NIFTY,17200.0,2100
755.35,2022-09-20 12:30:00,NFO,29-SEP-2022,774.15,742.7,742.7,161100,Options,Call,NIFTY,17200.0,10400
735.25,2022-09-20 13:00:00,NFO,29-SEP-2022,763.05,735.25,755.35,161300,Options,Call,NIFTY,17200.0,1700
731.5,2022-09-20 13:30:00,NFO,29-SEP-2022,744.25,701.3,744.25,160550,Options,Call,NIFTY,17200.0,1800
718.65,2022-09-20 14:00:00,NFO,29-SEP-2022,739.0,716.35,732.4,161350,Options,Call,NIFTY,17200.0,2350
704.9,2022-09-20 14:30:00,NFO,29-SEP-2022,716.75,680.0,710.65,159550,Options,Call,NIFTY,17200.0,9650
652.7,2022-09-20 15:00:00,NFO,29-SEP-2022,704.9,651.6,692.05,154650,Options,Call,NIFTY,17200.0,10050
675.9,2022-09-21 09:00:00,NFO,29-SEP-2022,680.35,632.45,645.3,155550,Options,Call,NIFTY,17200.0,13150
624.05,2022-09-21 09:30:00,NFO,29-SEP-2022,673.6,607.95,671.3,156450,Options,Call,NIFTY,17200.0,3150
654.75,2022-09-21 10:00:00,NFO,29-SEP-2022,654.75,598.35,610.0,157050,Options,Call,NIFTY,17200.0,2550
655.6,2022-09-21 10:30:00,NFO,29-SEP-2022,666.9,647.65,660.4,156650,Options,Call,NIFTY,17200.0,950
632.4,2022-09-21 11:00:00,NFO,29-SEP-2022,657.05,630.0,650.85,156700,Options,Call,NIFTY,17200.0,450
570.0,2022-09-21 11:30:00,NFO,29-SEP-2022,634.1,570.0,621.75,158700,Options,Call,NIFTY,17200.0,6550
561.6,2022-09-21 12:00:00,NFO,29-SEP-2022,577.0,549.65,563.6,159600,Options,Call,NIFTY,17200.0,6050
602.0,2022-09-21 12:30:00,NFO,29-SEP-2022,606.55,548.05,563.5,157900,Options,Call,NIFTY,17200.0,8100
581.4,2022-09-21 13:00:00,NFO,29-SEP-2022,595.5,574.0,595.5,156050,Options,Call,NIFTY,17200.0,3750
615.0,2022-09-21 13:30:00,NFO,29-SEP-2022,630.0,585.0,585.0,157650,Options,Call,NIFTY,17200.0,5800
617.4,2022-09-21 14:00:00,NFO,29-SEP-2022,636.05,602.65,602.65,155600,Options,Call,NIFTY,17200.0,4350
589.0,2022-09-21 14:30:00,NFO,29-SEP-2022,617.4,580.65,617.4,156400,Options,Call,NIFTY,17200.0,3500
600.9,2022-09-21 15:00:00,NFO,29-SEP-2022,602.0,578.3,593.3,153450,Options,Call,NIFTY,17200.0,16650
520.0,2022-09-22 09:00:00,NFO,29-SEP-2022,529.6,473.0,490.4,202750,Options,Call,NIFTY,17200.0,114000
558.8,2022-09-22 09:30:00,NFO,29-SEP-2022,564.2,505.9,521.55,170200,Options,Call,NIFTY,17200.0,75550
485.45,2022-09-22 10:00:00,NFO,29-SEP-2022,560.0,482.45,558.45,203700,Options,Call,NIFTY,17200.0,73900
490.0,2022-09-22 10:30:00,NFO,29-SEP-2022,505.55,469.0,483.0,210200,Options,Call,NIFTY,17200.0,39650
451.2,2022-09-22 11:00:00,NFO,29-SEP-2022,504.3,447.0,492.3,218250,Options,Call,NIFTY,17200.0,36100
449.35,2022-09-22 11:30:00,NFO,29-SEP-2022,471.0,439.3,451.65,222050,Options,Call,NIFTY,17200.0,23600
434.2,2022-09-22 12:00:00,NFO,29-SEP-2022,450.0,427.75,450.0,232650,Options,Call,NIFTY,17200.0,36600
459.8,2022-09-22 12:30:00,NFO,29-SEP-2022,466.5,424.05,434.1,234400,Options,Call,NIFTY,17200.0,30750
507.15,2022-09-22 13:00:00,NFO,29-SEP-2022,507.15,453.0,453.0,216400,Options,Call,NIFTY,17200.0,39800
539.4,2022-09-22 13:30:00,NFO,29-SEP-2022,553.95,505.0,505.0,172100,Options,Call,NIFTY,17200.0,81050
544.4,2022-09-22 14:00:00,NFO,29-SEP-2022,575.75,535.0,539.9,167250,Options,Call,NIFTY,17200.0,26550
516.0,2022-09-22 14:30:00,NFO,29-SEP-2022,556.85,511.75,545.1,171600,Options,Call,NIFTY,17200.0,14050
500.95,2022-09-22 15:00:00,NFO,29-SEP-2022,514.25,473.2,510.5,171400,Options,Call,NIFTY,17200.0,67050
400.1,2022-09-23 09:00:00,NFO,29-SEP-2022,478.75,399.1,436.5,183300,Options,Call,NIFTY,17200.0,107150
355.4,2022-09-23 09:30:00,NFO,29-SEP-2022,395.0,333.7,395.0,246400,Options,Call,NIFTY,17200.0,249400
339.75,2022-09-23 10:00:00,NFO,29-SEP-2022,368.0,315.45,352.0,264600,Options,Call,NIFTY,17200.0,259800
340.2,2022-09-23 10:30:00,NFO,29-SEP-2022,357.75,320.45,338.95,281250,Options,Call,NIFTY,17200.0,185850
341.1,2022-09-23 11:00:00,NFO,29-SEP-2022,352.8,313.75,342.05,280650,Options,Call,NIFTY,17200.0,232900
342.9,2022-09-23 11:30:00,NFO,29-SEP-2022,352.75,326.8,342.05,291900,Options,Call,NIFTY,17200.0,111350
333.25,2022-09-23 12:00:00,NFO,29-SEP-2022,347.5,308.0,343.3,305050,Options,Call,NIFTY,17200.0,193850
313.4,2022-09-23 12:30:00,NFO,29-SEP-2022,331.15,297.2,331.15,311650,Options,Call,NIFTY,17200.0,240050
299.0,2022-09-23 13:00:00,NFO,29-SEP-2022,317.1,290.3,313.8,300700,Options,Call,NIFTY,17200.0,333350
286.65,2022-09-23 13:30:00,NFO,29-SEP-2022,313.75,282.3,298.4,335750,Options,Call,NIFTY,17200.0,278050
257.45,2022-09-23 14:00:00,NFO,29-SEP-2022,286.7,251.1,286.7,381950,Options,Call,NIFTY,17200.0,465800
273.8,2022-09-23 14:30:00,NFO,29-SEP-2022,283.1,243.8,257.5,396700,Options,Call,NIFTY,17200.0,758100
253.1,2022-09-23 15:00:00,NFO,29-SEP-2022,278.5,250.55,270.65,346950,Options,Call,NIFTY,17200.0,589850
142.9,2022-09-26 09:00:00,NFO,29-SEP-2022,189.95,120.0,189.95,2734500,Options,Call,NIFTY,17200.0,11726750
92.05,2022-09-26 09:30:00,NFO,29-SEP-2022,154.1,90.1,141.65,4478950,Options,Call,NIFTY,17200.0,13220700
83.75,2022-09-26 10:00:00,NFO,29-SEP-2022,99.0,82.7,90.1,5335850,Options,Call,NIFTY,17200.0,8406550
85.6,2022-09-26 10:30:00,NFO,29-SEP-2022,94.35,82.35,83.2,5470450,Options,Call,NIFTY,17200.0,6329450
87.8,2022-09-26 11:00:00,NFO,29-SEP-2022,92.25,75.85,85.65,5840750,Options,Call,NIFTY,17200.0,7421900
88.1,2022-09-26 11:30:00,NFO,29-SEP-2022,98.55,80.65,87.25,5915450,Options,Call,NIFTY,17200.0,5892650
94.65,2022-09-26 12:00:00,NFO,29-SEP-2022,100.7,86.3,88.55,5754950,Options,Call,NIFTY,17200.0,6356450
121.3,2022-09-26 12:30:00,NFO,29-SEP-2022,134.9,93.2,93.8,4896800,Options,Call,NIFTY,17200.0,12573400
99.75,2022-09-26 13:00:00,NFO,29-SEP-2022,135.4,97.95,119.85,5204300,Options,Call,NIFTY,17200.0,10444500
101.95,2022-09-26 13:30:00,NFO,29-SEP-2022,107.3,87.05,99.35,5320800,Options,Call,NIFTY,17200.0,9563850
111.25,2022-09-26 14:00:00,NFO,29-SEP-2022,117.95,85.85,101.8,5265850,Options,Call,NIFTY,17200.0,9245800
88.15,2022-09-26 14:30:00,NFO,29-SEP-2022,116.05,84.9,111.6,5275750,Options,Call,NIFTY,17200.0,8057950
73.0,2022-09-26 15:00:00,NFO,29-SEP-2022,86.1,69.0,86.1,4699200,Options,Call,NIFTY,17200.0,10262300
102.05,2022-09-27 09:00:00,NFO,29-SEP-2022,108.5,79.7,94.0,5489850,Options,Call,NIFTY,17200.0,12464650
72.55,2022-09-27 09:30:00,NFO,29-SEP-2022,112.0,64.65,102.0,7340750,Options,Call,NIFTY,17200.0,20247050
61.65,2022-09-27 10:00:00,NFO,29-SEP-2022,77.3,58.0,72.05,7903800,Options,Call,NIFTY,17200.0,10032350
58.5,2022-09-27 10:30:00,NFO,29-SEP-2022,73.6,52.35,61.3,7897800,Options,Call,NIFTY,17200.0,10481550
54.5,2022-09-27 11:00:00,NFO,29-SEP-2022,58.75,44.4,58.65,8077250,Options,Call,NIFTY,17200.0,11245650
67.3,2022-09-27 11:30:00,NFO,29-SEP-2022,72.6,53.05,54.8,7611450,Options,Call,NIFTY,17200.0,11317100
58.9,2022-09-27 12:00:00,NFO,29-SEP-2022,78.55,58.25,67.8,7457750,Options,Call,NIFTY,17200.0,8568750
79.65,2022-09-27 12:30:00,NFO,29-SEP-2022,80.6,53.8,59.5,7129750,Options,Call,NIFTY,17200.0,9713500
77.0,2022-09-27 13:00:00,NFO,29-SEP-2022,85.25,64.1,79.8,6904900,Options,Call,NIFTY,17200.0,11953900
70.8,2022-09-27 13:30:00,NFO,29-SEP-2022,84.85,64.45,76.8,6787900,Options,Call,NIFTY,17200.0,9559100
55.0,2022-09-27 14:00:00,NFO,29-SEP-2022,74.35,50.25,70.0,6919700,Options,Call,NIFTY,17200.0,9181550
44.7,2022-09-27 14:30:00,NFO,29-SEP-2022,54.95,40.85,54.7,7287250,Options,Call,NIFTY,17200.0,9979850
55.0,2022-09-27 15:00:00,NFO,29-SEP-2022,55.0,38.45,45.05,6371950,Options,Call,NIFTY,17200.0,12426450
15.75,2022-09-28 09:00:00,NFO,29-SEP-2022,38.75,13.05,38.75,6466200,Options,Call,NIFTY,17200.0,12556800
15.9,2022-09-28 09:30:00,NFO,29-SEP-2022,17.95,12.75,15.3,6469750,Options,Call,NIFTY,17200.0,12118000
15.85,2022-09-28 10:00:00,NFO,29-SEP-2022,21.95,14.5,15.65,6704450,Options,Call,NIFTY,17200.0,9779700
14.6,2022-09-28 10:30:00,NFO,29-SEP-2022,17.15,11.15,15.65,6990100,Options,Call,NIFTY,17200.0,8008550
18.45,2022-09-28 11:00:00,NFO,29-SEP-2022,19.7,13.0,14.55,7023800,Options,Call,NIFTY,17200.0,6397950
24.0,2022-09-28 11:30:00,NFO,29-SEP-2022,27.05,17.35,18.25,6781050,Options,Call,NIFTY,17200.0,12262900
18.1,2022-09-28 12:00:00,NFO,29-SEP-2022,27.9,16.3,24.0,7156250,Options,Call,NIFTY,17200.0,11171000
15.3,2022-09-28 12:30:00,NFO,29-SEP-2022,22.35,13.8,18.25,7470550,Options,Call,NIFTY,17200.0,9833500
18.5,2022-09-28 13:00:00,NFO,29-SEP-2022,18.85,13.5,15.5,7590050,Options,Call,NIFTY,17200.0,7007850
10.6,2022-09-28 13:30:00,NFO,29-SEP-2022,19.0,10.45,18.5,7613600,Options,Call,NIFTY,17200.0,7712500
8.75,2022-09-28 14:00:00,NFO,29-SEP-2022,13.65,8.45,10.2,7818300,Options,Call,NIFTY,17200.0,10302850
6.6,2022-09-28 14:30:00,NFO,29-SEP-2022,9.05,6.05,8.65,7069700,Options,Call,NIFTY,17200.0,13466250
4.35,2022-09-28 15:00:00,NFO,29-SEP-2022,6.7,3.75,6.55,6229400,Options,Call,NIFTY,17200.0,13024200
5.0,2022-09-29 09:00:00,NFO,29-SEP-2022,12.9,4.75,8.05,8937100,Options,Call,NIFTY,17200.0,25692750
3.15,2022-09-29 09:30:00,NFO,29-SEP-2022,5.15,3.05,5.1,9701300,Options,Call,NIFTY,17200.0,23582550
2.45,2022-09-29 10:00:00,NFO,29-SEP-2022,3.4,2.35,3.2,9953600,Options,Call,NIFTY,17200.0,11964550
2.05,2022-09-29 10:30:00,NFO,29-SEP-2022,2.5,1.85,2.5,10495300,Options,Call,NIFTY,17200.0,11792250
1.55,2022-09-29 11:00:00,NFO,29-SEP-2022,2.05,1.5,2.0,11023150,Options,Call,NIFTY,17200.0,11143150
1.6,2022-09-29 11:30:00,NFO,29-SEP-2022,1.7,1.35,1.6,10930900,Options,Call,NIFTY,17200.0,7910350
1.7,2022-09-29 12:00:00,NFO,29-SEP-2022,1.8,1.55,1.6,10671600,Options,Call,NIFTY,17200.0,6870050
1.3,2022-09-29 12:30:00,NFO,29-SEP-2022,1.75,1.25,1.7,10113250,Options,Call,NIFTY,17200.0,9879500
1.25,2022-09-29 13:00:00,NFO,29-SEP-2022,1.45,1.05,1.3,8943900,Options,Call,NIFTY,17200.0,8883200
0.7,2022-09-29 13:30:00,NFO,29-SEP-2022,1.3,0.65,1.25,8372350,Options,Call,NIFTY,17200.0,7151650
0.3,2022-09-29 14:00:00,NFO,29-SEP-2022,0.7,0.25,0.7,7349750,Options,Call,NIFTY,17200.0,4710400
0.15,2022-09-29 14:30:00,NFO,29-SEP-2022,0.4,0.1,0.3,6479250,Options,Call,NIFTY,17200.0,4314550
0.05,2022-09-29 15:00:00,NFO,29-SEP-2022,0.15,0.05,0.15,4921000,Options,Call,NIFTY,17200.0,4020700
